data,qtd_incidentes,prioridade_media,pct_criticos,completude_media,tam_desc_medio,tem_AM,tem_disk,tem_ICMP,lag_1,lag_2,lag_7,lag_14,lag_30,media_7d,media_14d,media_30d,std_7d,dia_semana,mes,dia_mes,fim_de_semana,media_3d,trend_7_30,variacao_1d,variacao_7d,target_d1,target_d7
2025-01-31,113,1.9646017699115044,0.18584070796460178,1.0,45.309734513274336,0.0,0.10619469026548672,0.0,242.0,154.0,105.0,136.0,34.0,147.57142857142858,124.5,122.66666666666667,50.61902522061952,4,1,31,0,169.66666666666666,24.904761904761912,88.0,137.0,56.0,129.0
2025-02-01,56,1.7678571428571428,0.14285714285714285,1.0,44.339285714285715,0.0,0.16071428571428573,0.0,113.0,242.0,137.0,65.0,55.0,136.0,123.85714285714286,122.7,61.5223536610881,5,2,1,1,137.0,13.299999999999997,-129.0,-24.0,55.0,51.0
2025-02-02,55,2.0545454545454547,0.2727272727272727,0.9727272727272728,60.654545454545456,0.03636363636363636,0.18181818181818182,0.10909090909090909,56.0,113.0,77.0,58.0,77.0,132.85714285714286,123.64285714285714,121.96666666666667,65.47373155555992,6,2,2,1,74.66666666666667,10.890476190476193,-57.0,-21.0,227.0,46.0
2025-02-03,227,1.9647577092511013,0.14537444933920704,0.9713656387665198,51.51101321585903,0.004405286343612335,0.1013215859030837,0.004405286343612335,55.0,56.0,158.0,107.0,166.0,142.71428571428572,132.21428571428572,124.0,74.46635545827455,0,2,3,0,112.66666666666667,18.714285714285722,-1.0,-103.0,131.0,134.0
2025-02-04,131,2.0,0.17557251908396945,0.9866412213740458,38.091603053435115,0.007633587786259542,0.08396946564885496,0.030534351145038167,227.0,55.0,152.0,111.0,39.0,139.71428571428572,133.64285714285714,127.06666666666666,74.45292536387066,1,2,4,0,137.66666666666666,12.64761904761906,172.0,75.0,136.0,142.0
2025-02-05,136,2.051470588235294,0.23529411764705882,0.9908088235294118,41.4485294117647,0.0,0.13970588235294118,0.022058823529411766,131.0,227.0,154.0,124.0,115.0,137.14285714285714,134.5,127.76666666666667,74.18766422936851,2,2,5,0,164.66666666666666,9.376190476190473,-96.0,-23.0,174.0,156.0
2025-02-06,174,1.9597701149425288,0.16091954022988506,0.9942528735632183,41.632183908045974,0.017241379310344827,0.11494252873563218,0.011494252873563218,136.0,131.0,242.0,140.0,93.0,127.42857142857143,136.92857142857142,130.46666666666667,61.54363531364594,3,2,6,0,147.0,-3.038095238095238,5.0,-106.0,129.0,116.0
2025-02-07,129,1.937984496124031,0.15503875968992248,0.9922480620155039,40.689922480620154,0.015503875968992248,0.11627906976744186,0.007751937984496124,174.0,136.0,113.0,105.0,144.0,129.71428571428572,138.64285714285714,129.96666666666667,61.21468855787879,4,2,7,0,146.33333333333334,-0.25238095238094616,38.0,61.0,51.0,112.0
2025-02-08,51,2.0392156862745097,0.3137254901960784,1.0,40.568627450980394,0.0392156862745098,0.1568627450980392,0.0196078431372549,129.0,174.0,56.0,137.0,191.0,129.0,132.5,125.3,62.23878747747796,5,2,8,1,118.0,3.700000000000003,-45.0,73.0,46.0,90.0
2025-02-09,46,2.0,0.2826086956521739,1.0,48.32608695652174,0.021739130434782608,0.21739130434782608,0.043478260869565216,51.0,129.0,55.0,77.0,98.0,127.71428571428571,130.28571428571428,123.56666666666666,64.08773747947494,6,2,9,1,75.33333333333333,4.147619047619045,-78.0,-4.0,134.0,63.0
2025-02-10,134,2.156716417910448,0.26119402985074625,1.0,42.53731343283582,0.007462686567164179,0.029850746268656716,0.0,46.0,51.0,227.0,158.0,84.0,114.42857142857143,128.57142857142858,125.23333333333333,47.59151585054191,0,2,10,0,77.0,-10.804761904761904,-5.0,-181.0,142.0,117.0
2025-02-11,142,2.2183098591549295,0.352112676056338,0.9982394366197183,44.57746478873239,0.014084507042253521,0.056338028169014086,0.007042253521126761,134.0,46.0,131.0,152.0,45.0,116.0,127.85714285714286,128.46666666666667,48.4045452411238,1,2,11,0,107.33333333333333,-12.466666666666669,88.0,3.0,156.0,147.0
2025-02-12,156,2.108974358974359,0.26282051282051283,0.9983974358974359,41.19230769230769,0.01282051282051282,0.07692307692307693,0.0641025641025641,142.0,134.0,136.0,154.0,141.0,118.85714285714286,128.0,128.96666666666667,50.33364869027668,2,2,12,0,144.0,-10.109523809523807,8.0,6.0,116.0,185.0
2025-02-13,116,1.9482758620689655,0.20689655172413793,0.9978448275862069,43.01724137931034,0.008620689655172414,0.1206896551724138,0.034482758620689655,156.0,142.0,174.0,242.0,134.0,110.57142857142857,119.0,128.36666666666667,44.13561352187575,3,2,13,0,138.0,-17.795238095238105,14.0,-18.0,112.0,181.0
2025-02-14,112,1.9732142857142858,0.17857142857142858,0.9709821428571429,42.794642857142854,0.008928571428571428,0.0625,0.017857142857142856,116.0,156.0,129.0,113.0,224.0,108.14285714285714,118.92857142857143,124.63333333333334,43.41439304895928,4,2,14,0,128.0,-16.4904761904762,-40.0,-13.0,90.0,168.0
2025-02-15,90,1.8888888888888888,0.12222222222222222,1.0,45.67777777777778,0.011111111111111112,0.13333333333333333,0.011111111111111112,112.0,116.0,51.0,56.0,195.0,113.71428571428571,121.35714285714286,121.13333333333334,36.8678463601835,5,2,15,1,106.0,-7.419047619047632,-4.0,61.0,63.0,71.0
2025-02-16,63,2.126984126984127,0.23809523809523808,1.0,47.04761904761905,0.031746031746031744,0.07936507936507936,0.015873015873015872,90.0,112.0,46.0,55.0,136.0,116.14285714285714,121.92857142857143,118.7,31.887450882902577,6,2,16,1,88.33333333333333,-2.557142857142864,-22.0,44.0,117.0,108.0
2025-02-17,117,2.0854700854700856,0.23931623931623933,1.0,42.78632478632478,0.02564102564102564,0.05982905982905983,0.008547008547008548,63.0,90.0,134.0,227.0,65.0,113.71428571428571,114.07142857142857,120.43333333333334,30.933877253017645,0,2,17,0,90.0,-6.719047619047629,-27.0,-71.0,147.0,116.0
2025-02-18,147,1.9931972789115646,0.1292517006802721,0.9931972789115646,44.625850340136054,0.006802721088435374,0.034013605442176874,0.013605442176870748,117.0,63.0,142.0,131.0,58.0,114.42857142857143,115.21428571428571,123.4,31.743015729748304,1,2,18,0,109.0,-8.971428571428575,54.0,-25.0,185.0,125.0
2025-02-19,185,1.9405405405405405,0.0972972972972973,0.9864864864864865,46.935135135135134,0.0,0.06486486486486487,0.005405405405405406,147.0,117.0,156.0,136.0,107.0,118.57142857142857,118.71428571428571,126.0,39.11034450908159,2,2,19,0,149.66666666666666,-7.428571428571431,30.0,-9.0,181.0,230.0
2025-02-20,181,2.044198895027624,0.18232044198895028,0.9958563535911602,43.48618784530387,0.0055248618784530384,0.06629834254143646,0.0055248618784530384,185.0,147.0,116.0,174.0,111.0,127.85714285714286,119.21428571428571,128.33333333333334,45.57933951338251,3,2,20,0,171.0,-0.4761904761904816,38.0,69.0,168.0,155.0
2025-02-21,168,2.1666666666666665,0.24404761904761904,1.0,45.24404761904762,0.017857142857142856,0.041666666666666664,0.017857142857142856,181.0,185.0,112.0,129.0,124.0,135.85714285714286,122.0,129.8,47.21732934502112,4,2,21,0,178.0,6.05714285714285,-4.0,69.0,71.0,132.0
2025-02-22,71,2.056338028169014,0.23943661971830985,0.9894366197183099,46.32394366197183,0.056338028169014086,0.07042253521126761,0.04225352112676056,168.0,181.0,90.0,51.0,140.0,133.14285714285714,123.42857142857143,127.5,50.7097248116788,5,2,22,1,140.0,5.642857142857139,-13.0,78.0,108.0,84.0
2025-02-23,108,2.0462962962962963,0.23148148148148148,0.9953703703703703,48.138888888888886,0.07407407407407407,0.07407407407407407,0.027777777777777776,71.0,168.0,63.0,46.0,105.0,139.57142857142858,127.85714285714286,127.6,42.52786201561336,6,2,23,1,115.66666666666667,11.97142857142859,-97.0,8.0,116.0,39.0
2025-02-24,116,2.0775862068965516,0.19827586206896552,0.9935344827586207,43.85344827586207,0.008620689655172414,0.06896551724137931,0.008620689655172414,108.0,71.0,117.0,134.0,137.0,139.42857142857142,126.57142857142857,126.9,42.6179036824398,0,2,24,0,98.33333333333333,12.52857142857141,37.0,-9.0,125.0,43.0
2025-02-25,125,2.008,0.176,1.0,46.752,0.056,0.08,0.0,116.0,108.0,147.0,142.0,77.0,136.28571428571428,125.35714285714286,128.5,42.77738610416447,1,2,25,0,116.33333333333333,7.785714285714278,8.0,-31.0,230.0,42.0
2025-02-26,230,1.6695652173913043,0.09130434782608696,0.9836956521739131,50.221739130434784,0.021739130434782608,0.05652173913043478,0.013043478260869565,125.0,116.0,185.0,156.0,158.0,142.71428571428572,130.64285714285714,130.9,53.384499266217375,2,2,26,0,157.0,11.814285714285717,9.0,-60.0,155.0,99.0
2025-02-27,155,2.0387096774193547,0.2645161290322581,0.9919354838709677,46.670967741935485,0.012903225806451613,0.07741935483870968,0.025806451612903226,230.0,125.0,181.0,116.0,152.0,139.0,133.42857142857142,131.0,51.133811384119106,3,2,27,0,170.0,8.0,105.0,49.0,132.0,138.0
2025-02-28,132,2.0833333333333335,0.25,0.9696969696969697,50.64393939393939,0.007575757575757576,0.11363636363636363,0.022727272727272728,155.0,230.0,168.0,112.0,154.0,133.85714285714286,134.85714285714286,130.26666666666668,49.51575025998824,4,2,28,0,172.33333333333334,3.5904761904761813,-75.0,-13.0,84.0,120.0
2025-03-01,84,1.7857142857142858,0.21428571428571427,0.9434523809523809,54.80952380952381,0.047619047619047616,0.09523809523809523,0.0,132.0,155.0,71.0,90.0,242.0,135.71428571428572,134.42857142857142,125.0,46.942213716136465,5,3,1,1,123.66666666666667,10.714285714285722,-23.0,61.0,39.0,130.0
2025-03-02,39,2.1794871794871793,0.41025641025641024,0.9935897435897436,63.56410256410256,0.2564102564102564,0.20512820512820512,0.02564102564102564,84.0,132.0,108.0,63.0,113.0,125.85714285714286,132.71428571428572,122.53333333333333,59.33921854172718,6,3,2,1,85.0,3.3238095238095298,-48.0,-24.0,43.0,42.0
2025-03-03,43,1.9534883720930232,0.2558139534883721,1.0,41.58139534883721,0.0,0.09302325581395349,0.046511627906976744,39.0,84.0,116.0,117.0,56.0,115.42857142857143,127.42857142857143,122.1,67.24794208216126,0,3,3,0,55.333333333333336,-6.671428571428564,-45.0,-77.0,42.0,110.0
2025-03-04,42,1.7380952380952381,0.16666666666666666,1.0,46.333333333333336,0.023809523809523808,0.19047619047619047,0.047619047619047616,43.0,39.0,125.0,147.0,55.0,103.57142857142857,119.92857142857143,121.66666666666667,72.39902656541074,1,3,4,0,41.333333333333336,-18.095238095238102,4.0,-82.0,99.0,172.0
2025-03-05,99,2.0606060606060606,0.23232323232323232,0.9924242424242424,46.03030303030303,0.010101010101010102,0.15151515151515152,0.030303030303030304,42.0,43.0,230.0,185.0,227.0,84.85714285714286,113.78571428571429,117.4,46.60982933326607,2,3,5,0,61.333333333333336,-32.542857142857144,-1.0,-188.0,138.0,158.0
2025-03-06,138,2.050724637681159,0.18115942028985507,0.9891304347826086,49.53623188405797,0.0,0.09420289855072464,0.028985507246376812,99.0,42.0,155.0,181.0,131.0,82.42857142857143,110.71428571428571,117.63333333333334,42.61790368243978,3,3,6,0,93.0,-35.20476190476191,57.0,-56.0,120.0,157.0
2025-03-07,120,2.075,0.19166666666666668,0.9979166666666667,44.84166666666667,0.008333333333333333,0.058333333333333334,0.008333333333333333,138.0,99.0,132.0,168.0,136.0,80.71428571428571,107.28571428571429,117.1,40.47927159141366,4,3,7,0,119.0,-36.385714285714286,39.0,6.0,130.0,155.0
2025-03-08,130,1.9615384615384615,0.1076923076923077,0.9826923076923076,39.86923076923077,0.007692307692307693,0.06153846153846154,0.023076923076923078,120.0,138.0,84.0,71.0,174.0,87.28571428571429,111.5,115.63333333333334,44.62329095033327,5,3,8,1,129.33333333333334,-28.347619047619048,-18.0,36.0,42.0,48.0
2025-03-09,42,1.9523809523809523,0.2857142857142857,0.9940476190476191,47.5,0.047619047619047616,0.14285714285714285,0.023809523809523808,130.0,120.0,39.0,108.0,129.0,87.71428571428571,106.78571428571429,112.73333333333333,44.093515342259735,6,3,9,1,97.33333333333333,-25.019047619047626,10.0,91.0,110.0,68.0
2025-03-10,110,2.1,0.24545454545454545,1.0,43.81818181818182,0.0,0.09090909090909091,0.0,42.0,130.0,43.0,116.0,51.0,97.28571428571429,106.35714285714286,114.7,39.83597321397786,0,3,10,0,94.0,-17.41428571428571,-88.0,-1.0,172.0,230.0
2025-03-11,172,2.2267441860465116,0.32558139534883723,0.9040697674418605,50.16860465116279,0.0,0.06395348837209303,0.011627906976744186,110.0,42.0,42.0,125.0,46.0,115.85714285714286,109.71428571428571,118.9,40.068393909366904,1,3,11,0,108.0,-3.0428571428571445,68.0,68.0,158.0,124.0
2025-03-12,158,2.0063291139240507,0.2088607594936709,0.990506329113924,48.822784810126585,0.0,0.0759493670886076,0.03164556962025317,172.0,110.0,99.0,230.0,134.0,124.28571428571429,104.57142857142857,119.7,42.08607958978949,2,3,12,0,146.66666666666666,4.585714285714289,62.0,73.0,157.0,268.0
2025-03-13,157,2.0764331210191083,0.2611464968152866,1.0,47.503184713375795,0.01910828025477707,0.06369426751592357,0.012738853503184714,158.0,172.0,138.0,155.0,142.0,127.0,104.71428571428571,120.2,43.69973302740724,3,3,13,0,162.33333333333334,6.799999999999997,-14.0,20.0,155.0,143.0
2025-03-14,155,1.8709677419354838,0.0967741935483871,0.9903225806451613,51.39354838709677,0.0064516129032258064,0.09032258064516129,0.0064516129032258064,157.0,158.0,120.0,132.0,156.0,132.0,106.35714285714286,120.16666666666667,44.754888001200506,4,3,14,0,156.66666666666666,11.833333333333329,-1.0,37.0,48.0,157.0
2025-03-15,48,1.9166666666666667,0.2708333333333333,0.96875,49.604166666666664,0.020833333333333332,0.2708333333333333,0.041666666666666664,155.0,157.0,130.0,84.0,116.0,120.28571428571429,103.78571428571429,117.9,54.938493747445385,5,3,15,1,120.0,2.385714285714286,-2.0,25.0,68.0,83.0
2025-03-16,68,2.0294117647058822,0.29411764705882354,0.9963235294117647,53.63235294117647,0.029411764705882353,0.08823529411764706,0.014705882352941176,48.0,155.0,42.0,39.0,112.0,124.0,105.85714285714286,116.43333333333334,49.359227438578635,6,3,16,1,90.33333333333333,7.566666666666663,-107.0,6.0,230.0,56.0
2025-03-17,230,1.9869565217391305,0.08695652173913043,0.9923913043478261,38.02608695652174,0.0,0.043478260869565216,0.0,68.0,48.0,110.0,43.0,90.0,141.14285714285714,119.21428571428571,121.1,62.71743131280323,0,3,17,0,115.33333333333333,20.042857142857144,20.0,-42.0,124.0,134.0
2025-03-18,124,1.9274193548387097,0.16129032258064516,0.9879032258064516,47.185483870967744,0.0,0.14516129032258066,0.016129032258064516,230.0,68.0,172.0,42.0,63.0,134.28571428571428,125.07142857142857,123.13333333333334,61.39140625449756,1,3,18,0,140.66666666666666,11.152380952380938,162.0,58.0,268.0,162.0
2025-03-19,268,2.324626865671642,0.47761194029850745,0.9626865671641791,45.62313432835821,0.0,0.10074626865671642,0.007462686567164179,124.0,230.0,158.0,99.0,117.0,150.0,137.14285714285714,128.16666666666666,79.79348344319855,2,3,19,0,207.33333333333334,21.833333333333343,-106.0,-34.0,143.0,150.0
2025-03-20,143,2.027972027972028,0.18181818181818182,0.9912587412587412,45.62937062937063,0.013986013986013986,0.1048951048951049,0.0,268.0,124.0,157.0,138.0,147.0,148.0,137.5,128.03333333333333,79.76423592897594,3,3,20,0,178.33333333333334,19.96666666666667,144.0,111.0,157.0,117.0
2025-03-21,157,2.0445859872611467,0.22929936305732485,0.9984076433121019,46.745222929936304,0.0,0.12101910828025478,0.012738853503184714,143.0,268.0,155.0,120.0,185.0,148.28571428571428,140.14285714285714,127.1,79.79706403478407,4,3,21,0,189.33333333333334,21.185714285714283,-125.0,-12.0,83.0,130.0
2025-03-22,83,1.9156626506024097,0.1686746987951807,1.0,46.6144578313253,0.0,0.1566265060240964,0.03614457831325301,157.0,143.0,48.0,130.0,181.0,153.28571428571428,136.78571428571428,123.83333333333333,73.2978269021083,5,3,22,1,127.66666666666667,29.45238095238095,14.0,109.0,56.0,63.0
2025-03-23,56,1.6607142857142858,0.14285714285714285,1.0,51.357142857142854,0.017857142857142856,0.23214285714285715,0.017857142857142856,83.0,157.0,68.0,42.0,168.0,151.57142857142858,137.78571428571428,120.1,75.72506661790213,6,3,23,1,98.66666666666667,31.47142857142859,-74.0,15.0,134.0,56.0
2025-03-24,134,1.7462686567164178,0.13432835820895522,0.9776119402985075,45.54477611940298,0.029850746268656716,0.14925373134328357,0.007462686567164179,56.0,83.0,230.0,110.0,71.0,137.85714285714286,139.5,122.2,67.38800232343186,0,3,24,0,91.0,15.657142857142858,-27.0,-174.0,162.0,110.0
2025-03-25,162,1.8641975308641976,0.1111111111111111,0.9984567901234568,48.876543209876544,0.006172839506172839,0.15432098765432098,0.0,134.0,56.0,124.0,172.0,108.0,143.28571428571428,138.78571428571428,124.0,67.61586176264237,1,3,25,0,117.33333333333333,19.285714285714278,78.0,10.0,150.0,127.0
2025-03-26,150,1.9066666666666667,0.2,0.9916666666666667,47.24666666666667,0.006666666666666667,0.14,0.04,162.0,134.0,268.0,158.0,116.0,126.42857142857143,138.21428571428572,125.13333333333334,40.68929893250865,2,3,26,0,148.66666666666666,1.2952380952380906,28.0,-106.0,117.0,152.0
2025-03-27,117,2.0085470085470085,0.18803418803418803,0.9807692307692307,43.60683760683761,0.0,0.09401709401709402,0.02564102564102564,150.0,162.0,143.0,157.0,125.0,122.71428571428571,135.35714285714286,124.86666666666666,40.10699974532414,3,3,27,0,143.0,-2.152380952380952,-12.0,7.0,130.0,178.0
2025-03-28,130,1.8923076923076922,0.17692307692307693,0.9865384615384616,50.784615384615385,0.023076923076923078,0.14615384615384616,0.06153846153846154,117.0,150.0,157.0,155.0,230.0,118.85714285714286,133.57142857142858,121.53333333333333,37.47189422944695,4,3,28,0,132.33333333333334,-2.6761904761904702,-33.0,-40.0,63.0,180.0
2025-03-29,63,1.6825396825396826,0.1111111111111111,0.9880952380952381,49.111111111111114,0.0,0.3333333333333333,0.015873015873015872,130.0,117.0,83.0,48.0,155.0,116.0,134.64285714285714,118.46666666666667,41.23509831846331,5,3,29,1,103.33333333333333,-2.4666666666666686,13.0,47.0,56.0,105.0
2025-03-30,56,1.8392857142857142,0.23214285714285715,1.0,47.035714285714285,0.0,0.2857142857142857,0.10714285714285714,63.0,130.0,56.0,68.0,132.0,116.0,133.78571428571428,115.93333333333334,41.23509831846331,6,3,30,1,83.0,0.06666666666666288,-67.0,7.0,110.0,45.0
2025-03-31,110,2.1363636363636362,0.33636363636363636,0.9931818181818182,48.3,0.01818181818181818,0.10909090909090909,0.045454545454545456,56.0,63.0,134.0,230.0,84.0,112.57142857142857,125.21428571428571,116.8,40.47985977766042,0,3,31,0,76.33333333333333,-4.228571428571428,-7.0,-78.0,127.0,145.0
2025-04-01,127,2.031496062992126,0.2204724409448819,0.9940944881889764,45.40944881889764,0.0,0.13385826771653545,0.023622047244094488,110.0,56.0,162.0,124.0,39.0,107.57142857142857,125.42857142857143,119.73333333333333,35.17033381917754,1,4,1,0,97.66666666666667,-12.161904761904765,54.0,-52.0,152.0,131.0
2025-04-02,152,1.855263157894737,0.09210526315789473,0.993421052631579,52.046052631578945,0.006578947368421052,0.1118421052631579,0.006578947368421052,127.0,110.0,150.0,268.0,43.0,107.85714285714286,117.14285714285714,123.36666666666666,35.578216984687785,2,4,2,0,129.66666666666666,-15.509523809523799,17.0,-23.0,178.0,125.0
2025-04-03,178,1.8707865168539326,0.19662921348314608,0.9817415730337079,46.78651685393258,0.016853932584269662,0.12921348314606743,0.06179775280898876,152.0,127.0,117.0,143.0,42.0,116.57142857142857,119.64285714285714,127.9,44.53409608699514,3,4,3,0,152.33333333333334,-11.328571428571436,25.0,35.0,180.0,120.0
2025-04-04,180,1.9111111111111112,0.12222222222222222,1.0,44.09444444444444,0.005555555555555556,0.1111111111111111,0.03333333333333333,178.0,152.0,130.0,157.0,99.0,123.71428571428571,121.28571428571429,130.6,50.638306599234696,4,4,4,0,170.0,-6.885714285714286,26.0,48.0,105.0,89.0
2025-04-05,105,1.8857142857142857,0.0761904761904762,1.0,52.01904761904762,0.009523809523809525,0.10476190476190476,0.01904761904761905,180.0,178.0,63.0,83.0,138.0,129.71428571428572,122.85714285714286,129.5,44.3422833787131,5,4,5,1,154.33333333333334,0.2142857142857224,2.0,117.0,45.0,47.0
2025-04-06,45,1.8,0.2222222222222222,1.0,50.82222222222222,0.044444444444444446,0.2,0.08888888888888889,105.0,180.0,56.0,56.0,120.0,128.14285714285714,122.07142857142857,127.0,47.47430382648623,6,4,6,1,110.0,1.1428571428571388,-75.0,49.0,145.0,56.0
2025-04-07,145,1.9172413793103449,0.19310344827586207,0.9793103448275862,45.47586206896552,0.0,0.11724137931034483,0.027586206896551724,45.0,105.0,110.0,134.0,130.0,133.14285714285714,122.85714285714286,127.5,47.086546455891806,0,4,7,0,98.33333333333333,5.642857142857139,-60.0,-65.0,131.0,110.0
2025-04-08,131,1.8473282442748091,0.06870229007633588,0.9885496183206107,46.85496183206107,0.007633587786259542,0.10687022900763359,0.015267175572519083,145.0,45.0,127.0,162.0,42.0,133.71428571428572,120.64285714285714,130.46666666666667,47.02380349608159,1,4,8,0,107.0,3.247619047619054,100.0,18.0,125.0,112.0
2025-04-09,125,1.84,0.144,1.0,49.816,0.008,0.184,0.024,131.0,145.0,152.0,150.0,110.0,129.85714285714286,118.85714285714286,130.96666666666667,46.37682097567194,2,4,9,0,133.66666666666666,-1.1095238095238074,-14.0,-21.0,120.0,103.0
2025-04-10,120,1.825,0.11666666666666667,1.0,50.016666666666666,0.025,0.18333333333333332,0.008333333333333333,125.0,131.0,178.0,117.0,172.0,121.57142857142857,119.07142857142857,129.23333333333332,41.23856262794631,3,4,10,0,125.33333333333333,-7.661904761904751,-6.0,-53.0,89.0,140.0
2025-04-11,89,1.7752808988764044,0.10112359550561797,1.0,45.78651685393258,0.0,0.16853932584269662,0.02247191011235955,120.0,125.0,180.0,130.0,158.0,108.57142857142857,116.14285714285714,126.93333333333334,33.335952278069364,4,4,11,0,111.33333333333333,-18.361904761904768,-5.0,-60.0,47.0,67.0
2025-04-12,47,1.9148936170212767,0.19148936170212766,1.0,55.93617021276596,0.0,0.19148936170212766,0.0851063829787234,89.0,120.0,105.0,63.0,157.0,100.28571428571429,115.0,123.26666666666667,40.75419931620258,5,4,12,1,85.33333333333333,-22.980952380952374,-31.0,-16.0,56.0,54.0
2025-04-13,56,1.8214285714285714,0.21428571428571427,0.9464285714285714,50.625,0.0,0.30357142857142855,0.017857142857142856,47.0,89.0,45.0,56.0,155.0,101.85714285714286,115.0,119.96666666666667,38.41192771101439,6,4,13,1,64.0,-18.109523809523807,-42.0,2.0,110.0,31.0
2025-04-14,110,2.0,0.17272727272727273,1.0,45.80909090909091,0.00909090909090909,0.12727272727272726,0.00909090909090909,56.0,47.0,145.0,110.0,48.0,96.85714285714286,115.0,122.03333333333333,33.86949744449808,0,4,14,0,71.0,-25.17619047619047,9.0,-89.0,112.0,49.0
2025-04-15,112,2.0535714285714284,0.2857142857142857,0.9910714285714286,50.5,0.017857142857142856,0.14285714285714285,0.08035714285714286,110.0,56.0,131.0,127.0,68.0,94.14285714285714,113.92857142857143,123.5,31.344476235474023,1,4,15,0,92.66666666666667,-29.35714285714286,54.0,-21.0,103.0,78.0
2025-04-16,103,1.9223300970873787,0.13592233009708737,0.9927184466019418,51.22330097087379,0.019417475728155338,0.1262135922330097,0.009708737864077669,112.0,110.0,125.0,152.0,230.0,91.0,110.42857142857143,119.26666666666667,28.72861523522042,2,4,16,0,108.33333333333333,-28.266666666666666,2.0,-13.0,140.0,123.0
2025-04-17,140,1.8642857142857143,0.1,0.9946428571428572,49.73571428571429,0.014285714285714285,0.1357142857142857,0.007142857142857143,103.0,112.0,120.0,178.0,124.0,93.85714285714286,107.71428571428571,119.8,32.79953542063559,3,4,17,0,118.33333333333333,-25.942857142857136,-9.0,-17.0,67.0,130.0
2025-04-18,67,2.029850746268657,0.208955223880597,1.0,53.149253731343286,0.0,0.08955223880597014,0.014925373134328358,140.0,103.0,89.0,180.0,268.0,90.71428571428571,99.64285714285714,113.1,34.359444532347055,4,4,18,0,103.33333333333333,-22.385714285714286,37.0,51.0,54.0,118.0
2025-04-19,54,1.9074074074074074,0.12962962962962962,1.0,46.96296296296296,0.0,0.14814814814814814,0.0,67.0,140.0,47.0,105.0,143.0,91.71428571428571,96.0,110.13333333333334,32.94801099567975,5,4,19,1,87.0,-18.41904761904763,-73.0,20.0,31.0,61.0
2025-04-20,31,1.8709677419354838,0.22580645161290322,1.0,49.25806451612903,0.0,0.16129032258064516,0.06451612903225806,54.0,67.0,56.0,45.0,157.0,88.14285714285714,95.0,105.93333333333334,38.3728574708243,6,4,20,1,50.666666666666664,-17.7904761904762,-13.0,-2.0,49.0,45.0
2025-04-21,49,2.0,0.30612244897959184,0.9183673469387755,58.59183673469388,0.12244897959183673,0.22448979591836735,0.02040816326530612,31.0,54.0,110.0,145.0,83.0,79.42857142857143,88.14285714285714,104.8,39.492012453394345,0,4,21,0,44.666666666666664,-25.371428571428567,-23.0,-79.0,78.0,115.0
2025-04-22,78,1.9102564102564104,0.14102564102564102,0.9967948717948718,50.35897435897436,0.0,0.1794871794871795,0.02564102564102564,49.0,31.0,112.0,131.0,56.0,74.57142857142857,84.35714285714286,105.53333333333333,36.818732292395055,1,4,22,0,52.666666666666664,-30.961904761904762,18.0,-63.0,123.0,171.0
2025-04-23,123,1.983739837398374,0.23577235772357724,0.9939024390243902,43.53658536585366,0.016260162601626018,0.13008130081300814,0.04065040650406504,78.0,49.0,103.0,125.0,134.0,77.42857142857143,84.21428571428571,105.16666666666667,40.02856123177201,2,4,23,0,83.33333333333333,-27.73809523809524,29.0,-25.0,130.0,195.0
2025-04-24,130,1.8,0.11538461538461539,1.0,48.66153846153846,0.015384615384615385,0.16923076923076924,0.023076923076923078,123.0,78.0,140.0,120.0,162.0,76.0,84.92857142857143,104.1,37.52332607858752,3,4,24,0,110.33333333333333,-28.099999999999994,45.0,-17.0,118.0,93.0
2025-04-25,118,1.9322033898305084,0.17796610169491525,0.9978813559322034,46.644067796610166,0.00847457627118644,0.07627118644067797,0.03389830508474576,130.0,123.0,67.0,89.0,150.0,83.28571428571429,87.0,103.03333333333333,40.33077520419654,4,4,25,0,123.66666666666667,-19.74761904761904,7.0,63.0,61.0,95.0
2025-04-26,61,2.0327868852459017,0.26229508196721313,0.9508196721311475,44.80327868852459,0.0,0.09836065573770492,0.03278688524590164,118.0,130.0,54.0,47.0,117.0,84.28571428571429,88.0,101.16666666666667,39.56309006180005,5,4,26,1,103.0,-16.88095238095238,-12.0,64.0,45.0,66.0
2025-04-27,45,1.6666666666666667,0.1111111111111111,1.0,47.111111111111114,0.022222222222222223,0.15555555555555556,0.0,61.0,118.0,31.0,56.0,130.0,86.28571428571429,87.21428571428571,98.33333333333333,36.668398227512405,6,4,27,1,74.66666666666667,-12.047619047619037,-57.0,30.0,115.0,37.0
2025-04-28,115,1.9739130434782608,0.1391304347826087,0.967391304347826,53.18260869565217,0.02608695652173913,0.11304347826086956,0.0,45.0,61.0,49.0,110.0,63.0,95.71428571428571,87.57142857142857,100.06666666666666,33.86106065337343,0,4,28,0,73.66666666666667,-4.352380952380955,-16.0,-4.0,171.0,95.0
2025-04-29,171,1.9239766081871346,0.14619883040935672,0.9853801169590644,45.748538011695906,0.011695906432748537,0.1286549707602339,0.017543859649122806,115.0,45.0,78.0,112.0,56.0,109.0,91.78571428571429,103.9,42.81354925721536,1,4,29,0,110.33333333333333,5.099999999999994,70.0,37.0,195.0,108.0
2025-04-30,195,2.112820512820513,0.23076923076923078,0.7448717948717949,47.312820512820515,0.0,0.08205128205128205,0.1076923076923077,171.0,115.0,123.0,103.0,110.0,119.28571428571429,98.35714285714286,106.73333333333333,53.94044334793174,2,4,30,0,160.33333333333334,12.552380952380958,56.0,48.0,93.0,125.0
2025-05-01,93,1.8172043010752688,0.15053763440860216,1.0,47.61290322580645,0.021505376344086023,0.17204301075268819,0.010752688172043012,195.0,171.0,130.0,140.0,127.0,114.0,95.0,105.6,54.52522352086239,3,5,1,0,153.0,8.400000000000006,24.0,65.0,95.0,119.0
2025-05-02,95,1.8210526315789475,0.08421052631578947,1.0,45.66315789473684,0.010526315789473684,0.12631578947368421,0.0,93.0,195.0,118.0,67.0,152.0,110.71428571428571,97.0,103.7,54.93545996808225,4,5,2,0,127.66666666666667,7.014285714285705,-102.0,-25.0,66.0,109.0
2025-05-03,66,1.9545454545454546,0.19696969696969696,0.9886363636363636,49.95454545454545,0.0,0.15151515151515152,0.07575757575757576,95.0,93.0,61.0,54.0,178.0,111.42857142857143,97.85714285714286,99.96666666666667,54.20903105220617,5,5,3,1,84.66666666666667,11.461904761904762,2.0,34.0,37.0,73.0
2025-05-04,37,1.945945945945946,0.21621621621621623,0.9932432432432432,56.86486486486486,0.0,0.10810810810810811,0.0,66.0,95.0,45.0,31.0,180.0,110.28571428571429,98.28571428571429,95.2,55.900847595584516,6,5,4,1,66.0,15.085714285714289,-29.0,21.0,95.0,38.0
2025-05-05,95,1.9263157894736842,0.10526315789473684,1.0,47.71578947368421,0.010526315789473684,0.11578947368421053,0.010526315789473684,37.0,66.0,115.0,49.0,105.0,107.42857142857143,101.57142857142857,94.86666666666666,56.13037544519948,0,5,5,0,66.0,12.56190476190477,-29.0,-78.0,108.0,151.0
2025-05-06,108,1.9814814814814814,0.16666666666666666,0.9953703703703703,46.53703703703704,0.018518518518518517,0.12037037037037036,0.018518518518518517,95.0,37.0,171.0,78.0,45.0,98.42857142857143,103.71428571428571,96.96666666666667,48.81207891105493,1,5,6,0,80.0,1.461904761904762,58.0,-76.0,125.0,111.0
2025-05-07,125,1.92,0.104,0.994,46.928,0.0,0.112,0.0,108.0,95.0,195.0,123.0,145.0,88.42857142857143,103.85714285714286,96.3,28.797321303998416,2,5,7,0,109.33333333333333,-7.871428571428567,13.0,-87.0,119.0,149.0
2025-05-08,119,1.781512605042017,0.058823529411764705,0.9978991596638656,42.46218487394958,0.008403361344537815,0.1092436974789916,0.008403361344537815,125.0,108.0,93.0,130.0,131.0,92.14285714285714,103.07142857142857,95.9,31.072112745614785,3,5,8,0,117.33333333333333,-3.757142857142867,17.0,32.0,109.0,165.0
2025-05-09,109,1.9357798165137614,0.14678899082568808,1.0,45.99082568807339,0.0,0.13761467889908258,0.009174311926605505,119.0,125.0,95.0,118.0,125.0,94.14285714285714,102.42857142857143,95.36666666666666,31.7302619562072,4,5,9,0,117.66666666666667,-1.2238095238095212,-6.0,24.0,73.0,125.0
2025-05-10,73,1.7397260273972603,0.0684931506849315,0.9691780821917808,57.013698630136986,0.0,0.1506849315068493,0.0273972602739726,109.0,119.0,66.0,61.0,120.0,95.14285714285714,103.28571428571429,93.8,30.79192844144165,5,5,10,1,100.33333333333333,1.3428571428571416,-10.0,43.0,38.0,52.0
2025-05-11,38,2.026315789473684,0.3684210526315789,0.9802631578947368,54.5,0.02631578947368421,0.15789473684210525,0.0,73.0,109.0,37.0,45.0,89.0,95.28571428571429,102.78571428571429,92.1,30.47793893793949,6,5,11,1,73.33333333333333,3.1857142857142975,-36.0,36.0,151.0,35.0
2025-05-12,151,2.1456953642384105,0.2847682119205298,0.9917218543046358,47.57615894039735,0.013245033112582781,0.08609271523178808,0.019867549668874173,38.0,73.0,95.0,115.0,47.0,103.28571428571429,105.35714285714286,95.56666666666666,37.03473273255032,0,5,12,0,87.33333333333333,7.719047619047629,-35.0,-57.0,111.0,117.0
2025-05-13,111,1.9639639639639639,0.08108108108108109,0.990990990990991,49.0990990990991,0.018018018018018018,0.08108108108108109,0.009009009009009009,151.0,38.0,108.0,171.0,56.0,103.71428571428571,101.07142857142857,97.4,37.11564937558595,1,5,13,0,100.0,6.3142857142857025,113.0,43.0,149.0,130.0
2025-05-14,149,1.7114093959731544,0.10738255033557047,0.9949664429530202,49.77852348993289,0.026845637583892617,0.087248322147651,0.026845637583892617,111.0,151.0,125.0,195.0,110.0,107.14285714285714,97.78571428571429,98.7,40.37502764262661,2,5,14,0,137.0,8.442857142857136,-40.0,-14.0,165.0,127.0
2025-05-15,165,1.9636363636363636,0.15151515151515152,0.9590909090909091,45.81818181818182,0.006060606060606061,0.09090909090909091,0.01818181818181818,149.0,111.0,119.0,93.0,112.0,113.71428571428571,102.92857142857143,100.46666666666667,45.98084487303491,3,5,15,0,141.66666666666666,13.24761904761904,38.0,30.0,125.0,194.0
2025-05-16,125,1.928,0.16,1.0,53.92,0.04,0.12,0.008,165.0,149.0,109.0,95.0,103.0,116.0,105.07142857142857,101.2,46.10495273467561,4,5,16,0,146.33333333333334,14.799999999999997,16.0,56.0,52.0,146.0
2025-05-17,52,1.8846153846153846,0.19230769230769232,1.0,47.94230769230769,0.019230769230769232,0.21153846153846154,0.057692307692307696,125.0,165.0,73.0,66.0,140.0,113.0,104.07142857142857,98.26666666666667,49.89655966764314,5,5,17,1,114.0,14.733333333333334,-40.0,52.0,35.0,90.0
2025-05-18,35,1.8285714285714285,0.2,1.0,51.542857142857144,0.05714285714285714,0.2571428571428571,0.05714285714285714,52.0,125.0,38.0,37.0,67.0,112.57142857142857,103.92857142857143,97.2,50.65523053893237,6,5,18,1,70.66666666666667,15.371428571428567,-73.0,14.0,117.0,54.0
2025-05-19,117,1.9572649572649572,0.1623931623931624,0.9914529914529915,50.452991452991455,0.042735042735042736,0.1111111111111111,0.008547008547008548,35.0,52.0,151.0,95.0,54.0,107.71428571428571,105.5,99.3,47.91212193768331,0,5,19,0,68.0,8.414285714285711,-17.0,-116.0,130.0,114.0
2025-05-20,130,2.1076923076923078,0.24615384615384617,0.9980769230769231,44.86153846153846,0.007692307692307693,0.07692307692307693,0.05384615384615385,117.0,35.0,111.0,108.0,31.0,110.42857142857143,107.07142857142857,102.6,48.66161095722568,1,5,20,0,94.0,7.828571428571436,82.0,6.0,127.0,127.0
2025-05-21,127,1.9921259842519685,0.15748031496062992,0.9940944881889764,42.62204724409449,0.007874015748031496,0.12598425196850394,0.047244094488188976,130.0,117.0,149.0,125.0,49.0,107.28571428571429,107.21428571428571,105.2,46.41377053459566,2,5,21,0,124.66666666666667,2.085714285714289,13.0,-19.0,194.0,160.0
2025-05-22,194,1.9175257731958764,0.12371134020618557,1.0,48.30927835051546,0.0,0.13917525773195877,0.0,127.0,130.0,165.0,119.0,78.0,111.42857142857143,112.57142857142857,109.06666666666666,53.219223164996684,3,5,22,0,150.33333333333334,2.3619047619047677,-3.0,-38.0,146.0,129.0
2025-05-23,146,1.856164383561644,0.10273972602739725,0.9828767123287672,46.0,0.0,0.136986301369863,0.00684931506849315,194.0,127.0,125.0,109.0,123.0,114.42857142857143,115.21428571428571,109.83333333333333,54.683504956117424,4,5,23,0,155.66666666666666,4.595238095238102,67.0,69.0,90.0,134.0
2025-05-24,90,1.7777777777777777,0.12222222222222222,0.9472222222222222,65.83333333333333,0.05555555555555555,0.23333333333333334,0.011111111111111112,146.0,194.0,52.0,73.0,130.0,119.85714285714286,116.42857142857143,108.5,49.049052221317474,5,5,24,1,143.33333333333334,11.357142857142861,-48.0,94.0,54.0,61.0
2025-05-25,54,1.5,0.12962962962962962,0.7361111111111112,50.425925925925924,0.05555555555555555,0.2222222222222222,0.0,90.0,146.0,35.0,38.0,118.0,122.57142857142857,117.57142857142857,106.36666666666666,43.81726122149107,6,5,25,1,96.66666666666667,16.20476190476191,-56.0,55.0,114.0,42.0
2025-05-26,114,1.956140350877193,0.18421052631578946,0.9978070175438597,46.90350877192982,0.02631578947368421,0.11403508771929824,0.0,54.0,90.0,117.0,151.0,61.0,122.14285714285714,114.92857142857143,108.13333333333334,43.89543853078049,0,5,26,0,86.0,14.009523809523799,-36.0,-63.0,127.0,127.0
2025-05-27,127,2.015748031496063,0.15748031496062992,1.0,40.59842519685039,0.023622047244094488,0.09448818897637795,0.023622047244094488,114.0,54.0,130.0,111.0,45.0,121.71428571428571,116.07142857142857,110.86666666666666,43.82052139395536,1,5,27,0,98.33333333333333,10.847619047619048,60.0,-16.0,160.0,120.0
2025-05-28,160,1.975,0.14375,0.9859375,45.41875,0.0125,0.0875,0.0375,127.0,114.0,127.0,149.0,115.0,126.42857142857143,116.85714285714286,112.36666666666666,46.19472243614399,2,5,28,0,133.66666666666666,14.06190476190477,13.0,0.0,129.0,178.0
2025-05-29,129,1.875968992248062,0.12403100775193798,0.9961240310077519,46.65891472868217,0.031007751937984496,0.12403100775193798,0.007751937984496124,160.0,127.0,194.0,165.0,171.0,117.14285714285714,114.28571428571429,110.96666666666667,35.68579816224088,3,5,29,0,138.66666666666666,6.17619047619047,33.0,-34.0,134.0,134.0
2025-05-30,134,2.0223880597014925,0.208955223880597,0.9981343283582089,54.582089552238806,0.007462686567164179,0.06716417910447761,0.05223880597014925,129.0,160.0,146.0,125.0,195.0,115.42857142857143,114.92857142857143,108.93333333333334,34.331021651256634,4,5,30,0,141.0,6.4952380952380935,-31.0,-17.0,61.0,128.0
2025-05-31,61,1.901639344262295,0.16393442622950818,0.9631147540983607,48.59016393442623,0.03278688524590164,0.14754098360655737,0.01639344262295082,134.0,129.0,90.0,52.0,93.0,111.28571428571429,115.57142857142857,107.86666666666666,39.301035973259445,5,5,31,1,108.0,3.4190476190476318,5.0,44.0,42.0,90.0
2025-06-01,42,1.880952380952381,0.19047619047619047,0.9642857142857143,49.642857142857146,0.0,0.19047619047619047,0.047619047619047616,61.0,134.0,54.0,35.0,95.0,109.57142857142857,116.07142857142857,106.1,42.359009835992616,6,6,1,1,79.0,3.471428571428575,-73.0,7.0,127.0,52.0
2025-06-02,127,1.811023622047244,0.07874015748031496,1.0,48.425196850393704,0.0,0.14173228346456693,0.0,42.0,61.0,114.0,117.0,66.0,111.42857142857143,116.78571428571429,108.13333333333334,42.86745907584274,0,6,2,0,76.66666666666667,3.2952380952380906,-19.0,-72.0,120.0,170.0
2025-06-03,120,1.9833333333333334,0.21666666666666667,0.9979166666666667,47.1,0.025,0.11666666666666667,0.025,127.0,42.0,127.0,130.0,37.0,110.42857142857143,116.07142857142857,110.9,42.523942835604025,1,6,3,0,96.33333333333333,-0.4714285714285751,85.0,0.0,178.0,155.0
2025-06-04,178,1.7584269662921348,0.1348314606741573,0.9536516853932584,78.7752808988764,0.02247191011235955,0.3651685393258427,0.016853932584269662,120.0,127.0,160.0,127.0,95.0,113.0,119.71428571428571,113.66666666666667,46.389654018972855,2,6,4,0,141.66666666666666,-0.6666666666666714,-7.0,-40.0,134.0,152.0
2025-06-05,134,2.201492537313433,0.3656716417910448,0.9701492537313433,74.47014925373135,0.21641791044776118,0.1044776119402985,0.014925373134328358,178.0,120.0,129.0,194.0,108.0,113.71428571428571,115.42857142857143,114.53333333333333,46.71443133805762,3,6,5,0,144.0,-0.8190476190476232,58.0,49.0,128.0,119.0
2025-06-06,128,1.9921875,0.171875,0.9921875,46.0859375,0.0078125,0.0546875,0.015625,134.0,178.0,134.0,146.0,125.0,112.85714285714286,114.14285714285714,114.63333333333334,46.33367591514328,4,6,6,0,146.66666666666666,-1.7761904761904788,-44.0,0.0,90.0,91.0
2025-06-07,90,1.9222222222222223,0.18888888888888888,1.0,53.355555555555554,0.0,0.15555555555555556,0.022222222222222223,128.0,134.0,61.0,90.0,119.0,117.0,114.14285714285714,113.66666666666667,42.019836585435115,5,6,7,1,117.33333333333333,3.3333333333333286,-6.0,67.0,52.0,54.0
2025-06-08,52,1.7692307692307692,0.1346153846153846,1.0,60.53846153846154,0.0,0.21153846153846154,0.019230769230769232,90.0,128.0,42.0,54.0,109.0,118.42857142857143,114.0,111.76666666666667,39.114605724107534,6,6,8,1,90.0,6.661904761904765,-38.0,48.0,170.0,84.0
2025-06-09,170,1.9058823529411764,0.08235294117647059,0.9470588235294117,49.6,0.0058823529411764705,0.029411764705882353,0.0,52.0,90.0,127.0,114.0,73.0,124.57142857142857,118.0,115.0,43.78301475403888,0,6,9,0,104.0,9.57142857142857,-38.0,-75.0,155.0,180.0
2025-06-10,155,2.0709677419354837,0.1870967741935484,0.9983870967741936,44.38709677419355,0.0064516129032258064,0.08387096774193549,0.0064516129032258064,170.0,52.0,120.0,127.0,38.0,129.57142857142858,120.0,118.9,45.15106917470563,1,6,10,0,125.66666666666667,10.671428571428578,118.0,50.0,152.0,150.0
2025-06-11,152,2.111842105263158,0.23026315789473684,0.9901315789473685,49.99342105263158,0.013157894736842105,0.046052631578947366,0.019736842105263157,155.0,170.0,178.0,160.0,151.0,125.85714285714286,119.42857142857143,118.93333333333334,41.41830743133036,2,6,11,0,159.0,6.923809523809524,-15.0,-23.0,119.0,143.0
2025-06-12,119,2.0672268907563027,0.25210084033613445,1.0,46.226890756302524,0.025210084033613446,0.10084033613445378,0.05042016806722689,152.0,155.0,134.0,129.0,111.0,123.71428571428571,118.71428571428571,119.2,41.31470394308505,3,6,12,0,142.0,4.514285714285705,-3.0,18.0,91.0,77.0
2025-06-13,91,1.835164835164835,0.0989010989010989,0.9972527472527473,50.120879120879124,0.0,0.10989010989010989,0.0,119.0,152.0,128.0,134.0,149.0,118.42857142857143,115.64285714285714,117.26666666666667,43.007197625735316,4,6,13,0,120.66666666666667,1.1619047619047649,-33.0,-9.0,54.0,85.0
2025-06-14,54,1.9814814814814814,0.2037037037037037,1.0,50.55555555555556,0.018518518518518517,0.07407407407407407,0.0,91.0,119.0,90.0,61.0,165.0,113.28571428571429,115.14285714285714,113.56666666666666,48.74325350143102,5,6,14,1,88.0,-0.2809523809523711,-28.0,1.0,84.0,69.0
2025-06-15,84,1.630952380952381,0.14285714285714285,1.0,62.19047619047619,0.047619047619047616,0.08333333333333333,0.011904761904761904,54.0,91.0,52.0,42.0,125.0,117.85714285714286,118.14285714285714,112.2,43.22587408573939,6,6,15,1,76.33333333333333,5.657142857142858,-37.0,2.0,180.0,42.0
2025-06-16,180,1.85,0.1111111111111111,1.0,44.86666666666667,0.011111111111111112,0.13333333333333333,0.016666666666666666,84.0,54.0,170.0,127.0,52.0,119.28571428571429,121.92857142857143,116.46666666666667,45.349436915704196,0,6,16,0,106.0,2.8190476190476232,30.0,-86.0,150.0,115.0
2025-06-17,150,1.94,0.16,1.0,52.513333333333335,0.03333333333333333,0.1,0.013333333333333334,180.0,84.0,155.0,120.0,35.0,118.57142857142857,124.07142857142857,120.3,44.72828017730006,1,6,17,0,138.0,-1.7285714285714278,96.0,25.0,143.0,127.0
2025-06-18,143,1.8111888111888113,0.11188811188811189,0.993006993006993,42.11188811188811,0.013986013986013986,0.11188811188811189,0.0,150.0,180.0,152.0,178.0,117.0,117.28571428571429,121.57142857142857,121.16666666666667,43.72533318231855,2,6,18,0,157.66666666666666,-3.8809523809523796,-30.0,-2.0,77.0,160.0
2025-06-19,77,1.8571428571428572,0.18181818181818182,1.0,53.76623376623377,0.07792207792207792,0.12987012987012986,0.025974025974025976,143.0,150.0,119.0,134.0,130.0,111.28571428571429,117.5,119.4,46.25910463794958,3,6,19,0,123.33333333333333,-8.114285714285714,-7.0,24.0,85.0,386.0
2025-06-20,85,1.8,0.11764705882352941,0.9823529411764705,47.917647058823526,0.0,0.18823529411764706,0.011764705882352941,77.0,143.0,91.0,128.0,127.0,110.42857142857143,114.42857142857143,118.0,46.75060478345765,4,6,20,0,101.66666666666667,-7.571428571428569,-66.0,-14.0,69.0,130.0
2025-06-21,69,1.6521739130434783,0.11594202898550725,1.0,49.47826086956522,0.014492753623188406,0.2753623188405797,0.0,85.0,77.0,54.0,90.0,194.0,112.57142857142857,112.92857142857143,113.83333333333333,43.9956707826924,5,6,21,1,77.0,-1.2619047619047592,8.0,31.0,42.0,56.0
2025-06-22,42,1.8571428571428572,0.2619047619047619,1.0,53.333333333333336,0.0,0.19047619047619047,0.0,69.0,85.0,84.0,52.0,146.0,106.57142857142857,112.21428571428571,110.36666666666666,50.86864503423552,6,6,22,1,65.33333333333333,-3.7952380952380906,-16.0,-15.0,115.0,38.0
2025-06-23,115,1.9391304347826086,0.1565217391304348,0.9847826086956522,42.00869565217391,0.0,0.08695652173913043,0.043478260869565216,42.0,69.0,180.0,170.0,90.0,97.28571428571429,108.28571428571429,111.2,40.002976079763144,0,6,23,0,75.33333333333333,-13.914285714285711,-27.0,-138.0,127.0,104.0
2025-06-24,127,1.9448818897637796,0.15748031496062992,0.9980314960629921,47.62992125984252,0.0,0.08661417322834646,0.031496062992125984,115.0,42.0,150.0,155.0,54.0,94.0,106.28571428571429,113.63333333333334,35.66043559277808,1,6,24,0,94.66666666666667,-19.63333333333334,73.0,-35.0,160.0,110.0
2025-06-25,160,2.09375,0.3,0.9953125,45.525,0.03125,0.05,0.05625,127.0,115.0,143.0,152.0,114.0,96.42857142857143,106.85714285714286,115.16666666666667,39.882565710082574,2,6,25,0,134.0,-18.73809523809524,12.0,-16.0,386.0,120.0
2025-06-26,386,2.569948186528497,0.6632124352331606,0.5977979274611399,43.634715025906736,0.023316062176165803,0.03367875647668394,0.012953367875647668,160.0,127.0,77.0,119.0,127.0,140.57142857142858,125.92857142857143,123.8,115.02008106247818,3,6,26,0,224.33333333333334,16.771428571428586,33.0,83.0,130.0,149.0
2025-06-27,130,1.9615384615384615,0.18461538461538463,0.9961538461538462,48.01538461538462,0.007692307692307693,0.14615384615384616,0.007692307692307693,386.0,160.0,85.0,91.0,160.0,147.0,128.71428571428572,122.8,112.62918508687409,4,6,27,0,225.33333333333334,24.200000000000003,226.0,301.0,56.0,104.0
2025-06-28,56,1.8571428571428572,0.21428571428571427,0.9732142857142857,46.892857142857146,0.0,0.26785714285714285,0.017857142857142856,130.0,386.0,69.0,54.0,129.0,145.14285714285714,128.85714285714286,120.36666666666666,114.22554963963272,5,6,28,1,190.66666666666666,24.77619047619048,-256.0,61.0,38.0,73.0
2025-06-29,38,1.9736842105263157,0.18421052631578946,0.9210526315789473,47.473684210526315,0.02631578947368421,0.18421052631578946,0.05263157894736842,56.0,130.0,42.0,84.0,134.0,144.57142857142858,125.57142857142857,117.16666666666667,114.83590777403087,6,6,29,1,74.66666666666667,27.404761904761912,-74.0,14.0,104.0,25.0
2025-06-30,104,1.875,0.14423076923076922,0.9903846153846154,47.52884615384615,0.019230769230769232,0.18269230769230768,0.009615384615384616,38.0,56.0,115.0,180.0,61.0,143.0,120.14285714285714,118.6,115.38197432874863,0,6,30,0,66.0,24.400000000000006,-18.0,-77.0,110.0,100.0
2025-07-01,110,1.8545454545454545,0.1,0.990909090909091,45.054545454545455,0.0,0.11818181818181818,0.02727272727272727,104.0,38.0,127.0,150.0,42.0,140.57142857142858,117.28571428571429,120.86666666666666,115.95237117434205,1,7,1,0,84.0,19.704761904761924,66.0,-23.0,120.0,150.0
2025-07-02,120,1.8916666666666666,0.11666666666666667,0.9916666666666667,44.49166666666667,0.03333333333333333,0.09166666666666666,0.0,110.0,104.0,160.0,143.0,127.0,134.85714285714286,115.64285714285714,120.63333333333334,115.82087976904765,2,7,2,0,111.33333333333333,14.223809523809521,6.0,-50.0,149.0,83.0
2025-07-03,149,1.7718120805369129,0.20134228187919462,0.9949664429530202,58.53691275167785,0.020134228187919462,0.3288590604026846,0.006711409395973154,120.0,110.0,386.0,77.0,120.0,101.0,120.78571428571429,121.6,39.97916123849188,3,7,3,0,126.33333333333333,-20.599999999999994,10.0,-266.0,104.0,163.0
2025-07-04,104,1.8461538461538463,0.15384615384615385,0.9423076923076923,52.45192307692308,0.0,0.21153846153846154,0.019230769230769232,149.0,120.0,130.0,85.0,178.0,97.28571428571429,122.14285714285714,119.13333333333334,37.99436048378004,4,7,4,0,124.33333333333333,-21.847619047619048,29.0,19.0,73.0,114.0
2025-07-05,73,2.2054794520547945,0.4246575342465753,0.9863013698630136,50.97260273972603,0.0,0.136986301369863,0.0410958904109589,104.0,149.0,56.0,69.0,134.0,99.71428571428571,122.42857142857143,117.1,35.36813201039546,5,7,5,1,108.66666666666667,-17.385714285714286,-45.0,48.0,25.0,57.0
2025-07-06,25,1.84,0.2,0.99,52.96,0.0,0.28,0.08,73.0,104.0,38.0,42.0,128.0,97.85714285714286,121.21428571428571,113.66666666666667,39.27437065665328,6,7,6,1,67.33333333333333,-15.80952380952381,-31.0,35.0,100.0,48.0
2025-07-07,100,1.91,0.17,1.0,52.0,0.01,0.08,0.0,25.0,73.0,104.0,115.0,90.0,97.28571428571429,120.14285714285714,114.0,39.19912535467375,0,7,7,0,66.0,-16.714285714285708,-48.0,-79.0,150.0,119.0
2025-07-08,150,1.8933333333333333,0.20666666666666667,1.0,52.92,0.03333333333333333,0.24666666666666667,0.03333333333333333,100.0,25.0,110.0,127.0,52.0,103.0,121.78571428571429,117.26666666666667,43.984845875217815,1,7,8,0,91.66666666666667,-14.266666666666666,75.0,-10.0,83.0,120.0
2025-07-09,83,2.072289156626506,0.24096385542168675,1.0,42.65060240963855,0.0,0.060240963855421686,0.04819277108433735,150.0,100.0,120.0,160.0,170.0,97.71428571428571,116.28571428571429,114.36666666666666,43.82432462196567,2,7,9,0,111.0,-16.652380952380952,50.0,30.0,163.0,141.0
2025-07-10,163,2.1104294478527605,0.3006134969325153,0.9754601226993865,63.40490797546012,0.09202453987730061,0.08588957055214724,0.018404907975460124,83.0,150.0,149.0,386.0,155.0,99.71428571428571,100.35714285714286,114.63333333333334,46.775044221302025,3,7,10,0,132.0,-14.919047619047632,-67.0,-66.0,114.0,110.0
2025-07-11,114,1.9649122807017543,0.12280701754385964,0.9846491228070176,47.43859649122807,0.008771929824561403,0.09649122807017543,0.06140350877192982,163.0,83.0,104.0,130.0,152.0,101.14285714285714,99.21428571428571,113.36666666666666,47.079466760746016,4,7,11,0,120.0,-12.223809523809521,80.0,59.0,57.0,107.0
2025-07-12,57,1.912280701754386,0.17543859649122806,0.9868421052631579,48.59649122807018,0.0,0.10526315789473684,0.03508771929824561,114.0,163.0,73.0,56.0,119.0,98.85714285714286,99.28571428571429,111.3,49.021861012642674,5,7,12,1,111.33333333333333,-12.442857142857136,-49.0,41.0,48.0,52.0
2025-07-13,48,1.9583333333333333,0.25,1.0,51.854166666666664,0.041666666666666664,0.25,0.020833333333333332,57.0,114.0,25.0,38.0,91.0,102.14285714285714,100.0,109.86666666666666,43.731866990516075,6,7,13,1,73.0,-7.723809523809521,-57.0,32.0,119.0,28.0
2025-07-14,119,2.0504201680672267,0.226890756302521,1.0,48.714285714285715,0.01680672268907563,0.07563025210084033,0.01680672268907563,48.0,57.0,100.0,104.0,54.0,104.85714285714286,101.07142857142857,112.03333333333333,44.16419579791066,0,7,14,0,74.66666666666667,-7.17619047619047,-9.0,-52.0,120.0,129.0
2025-07-15,120,1.975,0.15,1.0,51.06666666666667,0.0,0.11666666666666667,0.0,119.0,48.0,150.0,110.0,84.0,100.57142857142857,101.78571428571429,113.23333333333333,40.34376095035075,1,7,15,0,95.66666666666667,-12.661904761904765,71.0,-31.0,141.0,112.0
2025-07-16,141,1.822695035460993,0.1347517730496454,1.0,46.645390070921984,0.014184397163120567,0.1347517730496454,0.014184397163120567,120.0,119.0,83.0,120.0,180.0,108.85714285714286,103.28571428571429,111.93333333333334,42.053254219812644,2,7,16,0,126.66666666666667,-3.076190476190476,1.0,37.0,110.0,134.0
2025-07-17,110,1.9454545454545455,0.14545454545454545,1.0,49.92727272727273,0.02727272727272727,0.06363636363636363,0.02727272727272727,141.0,120.0,163.0,149.0,150.0,101.28571428571429,100.5,110.6,34.8315675104939,3,7,17,0,123.66666666666667,-9.314285714285703,21.0,-22.0,107.0,113.0
2025-07-18,107,1.9532710280373833,0.12149532710280374,1.0,50.16822429906542,0.009345794392523364,0.1308411214953271,0.037383177570093455,110.0,141.0,114.0,104.0,143.0,100.28571428571429,100.71428571428571,109.4,34.504658070634854,4,7,18,0,119.33333333333333,-9.114285714285714,-31.0,-4.0,52.0,120.0
2025-07-19,52,1.6153846153846154,0.07692307692307693,0.9951923076923077,51.76923076923077,0.0,0.34615384615384615,0.019230769230769232,107.0,110.0,57.0,73.0,77.0,99.57142857142857,99.21428571428571,108.56666666666666,35.58490851872058,5,7,19,1,89.66666666666667,-8.995238095238093,-3.0,50.0,28.0,156.0
2025-07-20,28,1.6428571428571428,0.17857142857142858,1.0,52.57142857142857,0.03571428571428571,0.21428571428571427,0.0,52.0,107.0,48.0,25.0,85.0,96.71428571428571,99.42857142857143,106.66666666666667,40.83182698873629,6,7,20,1,62.333333333333336,-9.952380952380963,-55.0,4.0,129.0,42.0
2025-07-21,129,1.8992248062015504,0.06976744186046512,0.9883720930232558,43.031007751937985,0.0,0.07751937984496124,0.007751937984496124,28.0,52.0,119.0,100.0,69.0,98.14285714285714,101.5,108.66666666666667,41.902380884736395,0,7,21,0,69.66666666666667,-10.523809523809533,-24.0,-91.0,112.0,159.0
2025-07-22,112,1.8125,0.0625,0.9933035714285714,50.473214285714285,0.0,0.09821428571428571,0.017857142857142856,129.0,28.0,120.0,150.0,42.0,97.0,98.78571428571429,111.0,41.31182235954575,1,7,22,0,89.66666666666667,-14.0,101.0,9.0,134.0,198.0
2025-07-23,134,1.8656716417910448,0.11194029850746269,0.9888059701492538,50.06716417910448,0.007462686567164179,0.17164179104477612,0.014925373134328358,112.0,129.0,141.0,83.0,115.0,96.0,102.42857142857143,111.63333333333334,40.137264480778924,2,7,23,0,125.0,-15.63333333333334,-17.0,-29.0,113.0,150.0
2025-07-24,113,1.8761061946902655,0.07964601769911504,1.0,48.75221238938053,0.0,0.12389380530973451,0.0,134.0,112.0,110.0,163.0,127.0,96.42857142857143,98.85714285714286,111.16666666666667,40.327232911343074,3,7,24,0,119.66666666666667,-14.73809523809524,22.0,24.0,120.0,162.0
2025-07-25,120,1.8166666666666667,0.125,1.0,49.56666666666667,0.0,0.1,0.03333333333333333,113.0,134.0,107.0,114.0,160.0,98.28571428571429,99.28571428571429,109.83333333333333,41.18541119423349,4,7,25,0,122.33333333333333,-11.547619047619037,-21.0,6.0,156.0,126.0
2025-07-26,156,2.4935897435897436,0.6217948717948718,0.9086538461538461,54.93589743589744,0.03205128205128205,0.09615384615384616,0.01282051282051282,120.0,113.0,52.0,57.0,386.0,113.14285714285714,106.35714285714286,102.16666666666667,40.45750268874147,5,7,26,1,129.66666666666666,10.976190476190467,7.0,68.0,42.0,79.0
2025-07-27,42,1.6666666666666667,0.19047619047619047,0.9642857142857143,44.857142857142854,0.0,0.23809523809523808,0.023809523809523808,156.0,120.0,28.0,48.0,130.0,115.14285714285714,105.92857142857143,99.23333333333333,35.60163185130971,6,7,27,1,106.0,15.909523809523805,36.0,128.0,159.0,26.0
2025-07-28,159,1.8427672955974843,0.1761006289308176,0.9732704402515723,51.9622641509434,0.006289308176100629,0.14465408805031446,0.006289308176100629,42.0,156.0,129.0,119.0,56.0,119.42857142857143,108.78571428571429,102.66666666666667,39.174214065109815,0,7,28,0,119.0,16.76190476190476,-114.0,-87.0,198.0,130.0
2025-07-29,198,1.9141414141414141,0.17676767676767677,0.9962121212121212,51.843434343434346,0.005050505050505051,0.10101010101010101,0.010101010101010102,159.0,42.0,112.0,120.0,38.0,131.71428571428572,114.35714285714286,108.0,48.76718256407783,1,7,29,0,133.0,23.714285714285722,117.0,47.0,150.0,150.0
2025-07-30,150,2.046666666666667,0.24,0.96,50.24666666666667,0.006666666666666667,0.03333333333333333,0.006666666666666667,198.0,159.0,134.0,141.0,104.0,134.0,115.0,109.53333333333333,49.26459174701442,2,7,30,0,169.0,24.46666666666667,39.0,64.0,162.0,115.0
2025-07-31,162,1.8209876543209877,0.09259259259259259,1.0,50.53703703703704,0.006172839506172839,0.06172839506172839,0.006172839506172839,150.0,198.0,113.0,110.0,110.0,141.0,118.71428571428571,111.26666666666667,49.26459174701443,3,7,31,0,170.0,29.733333333333334,-48.0,37.0,126.0,176.0
2025-08-01,126,1.9285714285714286,0.1111111111111111,0.9940476190476191,48.57142857142857,0.03968253968253968,0.15079365079365079,0.007936507936507936,162.0,150.0,120.0,107.0,120.0,141.85714285714286,120.07142857142857,111.46666666666667,48.8890873011847,4,8,1,0,146.0,30.390476190476193,12.0,42.0,79.0,191.0
2025-08-02,79,1.7974683544303798,0.13924050632911392,0.9873417721518988,48.59493670886076,0.0,0.16455696202531644,0.0,126.0,162.0,156.0,52.0,149.0,130.85714285714286,122.0,109.13333333333334,53.61103297962891,5,8,2,1,122.33333333333333,21.72380952380952,-36.0,-30.0,26.0,66.0
2025-08-03,26,1.9615384615384615,0.34615384615384615,0.9423076923076923,49.19230769230769,0.0,0.15384615384615385,0.038461538461538464,79.0,126.0,42.0,28.0,104.0,128.57142857142858,121.85714285714286,106.53333333333333,58.17747886956815,6,8,3,1,77.0,22.038095238095252,-47.0,37.0,130.0,46.0
2025-08-04,130,1.9538461538461538,0.08461538461538462,1.0,46.45384615384615,0.007692307692307693,0.11538461538461539,0.015384615384615385,26.0,79.0,159.0,129.0,73.0,124.42857142857143,121.92857142857143,108.43333333333334,56.662324763629734,0,8,4,0,78.33333333333333,15.995238095238093,-53.0,-133.0,150.0,141.0
2025-08-05,150,1.9666666666666666,0.16666666666666666,1.0,49.88666666666666,0.013333333333333334,0.09333333333333334,0.013333333333333334,130.0,26.0,198.0,112.0,25.0,117.57142857142857,124.64285714285714,112.6,48.60677985239351,1,8,5,0,102.0,4.971428571428575,104.0,-68.0,115.0,159.0
2025-08-06,115,1.8782608695652174,0.08695652173913043,0.9956521739130435,48.12173913043478,0.008695652173913044,0.1565217391304348,0.017391304347826087,150.0,130.0,150.0,134.0,100.0,112.57142857142857,123.28571428571429,113.1,46.46811502832574,2,8,6,0,131.66666666666666,-0.5285714285714249,20.0,0.0,176.0,158.0
2025-08-07,176,2.1761363636363638,0.3125,0.9090909090909091,49.77272727272727,0.0,0.0625,0.022727272727272728,115.0,150.0,162.0,113.0,150.0,114.57142857142857,127.78571428571429,113.96666666666667,49.17267921267236,3,8,7,0,147.0,0.6047619047619008,-35.0,-47.0,191.0,203.0
2025-08-08,191,1.9947643979057592,0.1518324607329843,0.9738219895287958,46.57068062827225,0.010471204188481676,0.13089005235602094,0.015706806282722512,176.0,115.0,126.0,120.0,83.0,123.85714285714286,132.85714285714286,117.56666666666666,57.17641871561087,4,8,8,0,160.66666666666666,6.290476190476198,61.0,50.0,66.0,133.0
2025-08-09,66,2.0303030303030303,0.2878787878787879,0.875,44.18181818181818,0.0,0.16666666666666666,0.13636363636363635,191.0,176.0,79.0,156.0,163.0,122.0,126.42857142857143,114.33333333333333,59.05647015075204,5,8,9,1,144.33333333333334,7.666666666666671,15.0,112.0,46.0,84.0
2025-08-10,46,2.0434782608695654,0.2608695652173913,0.967391304347826,53.91304347826087,0.021739130434782608,0.1956521739130435,0.0,66.0,191.0,26.0,42.0,114.0,124.85714285714286,126.71428571428571,112.06666666666666,53.89628487947499,6,8,10,1,101.0,12.790476190476198,-125.0,40.0,141.0,51.0
2025-08-11,141,1.9574468085106382,0.14184397163120568,0.9893617021276596,51.780141843971634,0.0,0.10638297872340426,0.014184397163120567,46.0,66.0,130.0,159.0,57.0,126.42857142857143,125.42857142857143,114.86666666666666,54.23054841094991,0,8,11,0,84.33333333333333,11.56190476190477,-20.0,-84.0,159.0,191.0
2025-08-12,159,2.0377358490566038,0.16981132075471697,1.0,49.62893081761006,0.0,0.16352201257861634,0.0,141.0,46.0,150.0,198.0,48.0,127.71428571428571,122.64285714285714,118.56666666666666,54.98398035099038,1,8,12,0,115.33333333333333,9.147619047619045,95.0,-9.0,158.0,192.0
2025-08-13,158,1.9746835443037976,0.14556962025316456,0.9746835443037974,55.21518987341772,0.012658227848101266,0.10759493670886076,0.02531645569620253,159.0,141.0,115.0,150.0,119.0,133.85714285714286,123.21428571428571,119.86666666666666,55.72380870994784,2,8,13,0,152.66666666666666,13.990476190476201,18.0,44.0,203.0,130.0
2025-08-14,203,1.9950738916256157,0.09852216748768473,0.9963054187192119,52.22660098522167,0.0,0.08866995073891626,0.0049261083743842365,158.0,159.0,176.0,162.0,120.0,137.71428571428572,126.14285714285714,122.63333333333334,59.90468619875602,3,8,14,0,173.33333333333334,15.080952380952382,-1.0,-18.0,133.0,155.0
2025-08-15,133,2.0977443609022557,0.2857142857142857,1.0,49.902255639097746,0.03759398496240601,0.18045112781954886,0.015037593984962405,203.0,158.0,191.0,126.0,141.0,129.42857142857142,126.64285714285714,122.36666666666666,55.12669390551534,4,8,15,0,164.66666666666666,7.061904761904756,45.0,12.0,84.0,126.0
2025-08-16,84,1.8571428571428572,0.14285714285714285,0.9821428571428571,49.107142857142854,0.047619047619047616,0.19047619047619047,0.03571428571428571,133.0,203.0,66.0,79.0,110.0,132.0,127.0,121.5,52.00640986134947,5,8,16,1,140.0,10.5,-70.0,67.0,51.0,80.0
2025-08-17,51,1.7647058823529411,0.19607843137254902,1.0,52.27450980392157,0.0392156862745098,0.45098039215686275,0.0196078431372549,84.0,133.0,46.0,26.0,107.0,132.71428571428572,128.78571428571428,119.63333333333334,50.64488880336063,6,8,17,1,89.33333333333333,13.080952380952382,-49.0,38.0,191.0,70.0
2025-08-18,191,2.2460732984293195,0.38219895287958117,0.993455497382199,45.80104712041885,0.005235602094240838,0.07853403141361257,0.0,51.0,84.0,141.0,130.0,52.0,139.85714285714286,133.14285714285714,124.26666666666667,55.318557981412155,0,8,18,0,108.66666666666667,15.590476190476195,-33.0,-90.0,192.0,131.0
2025-08-19,192,1.921875,0.125,0.9895833333333334,52.8125,0.0,0.171875,0.010416666666666666,191.0,51.0,159.0,150.0,28.0,144.57142857142858,136.14285714285714,129.73333333333332,58.534483121368005,1,8,19,0,144.66666666666666,14.838095238095264,140.0,32.0,130.0,248.0
2025-08-20,130,1.9076923076923078,0.16923076923076924,1.0,49.45384615384615,0.007692307692307693,0.17692307692307693,0.007692307692307693,192.0,191.0,158.0,115.0,129.0,140.57142857142858,137.21428571428572,129.76666666666668,58.42047912292728,2,8,20,0,171.0,10.804761904761904,1.0,34.0,155.0,123.0
2025-08-21,155,1.9419354838709677,0.16129032258064516,0.9887096774193549,48.14193548387097,0.012903225806451613,0.1870967741935484,0.0,130.0,192.0,203.0,176.0,112.0,133.71428571428572,135.71428571428572,131.2,52.37593049520071,3,8,21,0,159.0,2.5142857142857338,-62.0,-73.0,126.0,222.0
2025-08-22,126,1.9365079365079365,0.15873015873015872,0.9920634920634921,47.333333333333336,0.0,0.15079365079365079,0.023809523809523808,155.0,130.0,133.0,191.0,134.0,132.71428571428572,131.07142857142858,130.93333333333334,52.458600456977145,4,8,22,0,137.0,1.7809523809523853,25.0,22.0,80.0,148.0
2025-08-23,80,2.0625,0.35,0.859375,51.2,0.025,0.15,0.0125,126.0,155.0,84.0,66.0,113.0,132.14285714285714,132.07142857142858,129.83333333333334,53.09560110915836,5,8,23,1,120.33333333333333,2.309523809523796,-29.0,42.0,70.0,93.0
2025-08-24,70,1.9142857142857144,0.1,0.9678571428571429,55.27142857142857,0.02857142857142857,0.11428571428571428,0.02857142857142857,80.0,126.0,51.0,46.0,120.0,134.85714285714286,133.78571428571428,128.16666666666666,48.5469826437187,6,8,24,1,92.0,6.690476190476204,-46.0,29.0,131.0,53.0
2025-08-25,131,1.9465648854961832,0.16030534351145037,0.9942748091603053,48.10687022900763,0.0,0.12213740458015267,0.022900763358778626,70.0,80.0,191.0,141.0,156.0,126.28571428571429,133.07142857142858,127.33333333333333,41.8119372337386,0,8,25,0,93.66666666666667,-1.0476190476190368,-10.0,-121.0,248.0,874.0
2025-08-26,248,2.3588709677419355,0.4798387096774194,0.6824596774193549,44.471774193548384,0.020161290322580645,0.0846774193548387,0.3629032258064516,131.0,70.0,192.0,159.0,42.0,134.28571428571428,139.42857142857142,134.2,58.50559598794599,1,8,26,0,149.66666666666666,0.08571428571428896,61.0,-61.0,123.0,1153.0
2025-08-27,123,1.8455284552845528,0.08130081300813008,0.991869918699187,47.39837398373984,0.008130081300813009,0.13008130081300814,0.0,248.0,131.0,130.0,158.0,159.0,133.28571428571428,136.92857142857142,133.0,58.65070129081801,2,8,27,0,167.33333333333334,0.2857142857142776,117.0,118.0,222.0,1073.0
2025-08-28,222,1.7927927927927927,0.11711711711711711,0.9786036036036037,50.072072072072075,0.009009009009009009,0.09009009009009009,0.0045045045045045045,123.0,248.0,155.0,203.0,198.0,142.85714285714286,138.28571428571428,133.8,67.5732406884771,3,8,28,0,197.66666666666666,9.05714285714285,-125.0,-32.0,148.0,1280.0
2025-08-29,148,1.972972972972973,0.16891891891891891,0.9949324324324325,47.82432432432432,0.006756756756756757,0.08108108108108109,0.013513513513513514,222.0,123.0,126.0,133.0,150.0,146.0,139.35714285714286,133.73333333333332,67.16894123526637,4,8,29,0,164.33333333333334,12.26666666666668,99.0,96.0,93.0,1030.0
2025-08-30,93,1.7634408602150538,0.08602150537634409,0.9758064516129032,55.354838709677416,0.03225806451612903,0.17204301075268819,0.010752688172043012,148.0,222.0,80.0,84.0,162.0,147.85714285714286,140.0,131.43333333333334,65.19056314996462,5,8,30,1,154.33333333333334,16.423809523809524,-74.0,68.0,53.0,455.0
2025-08-31,53,1.679245283018868,0.1509433962264151,0.7830188679245284,55.905660377358494,0.11320754716981132,0.16981132075471697,0.09433962264150944,93.0,148.0,70.0,51.0,126.0,145.42857142857142,140.14285714285714,129.0,68.7916107842062,6,8,31,1,98.0,16.428571428571416,-55.0,23.0,874.0,369.0
2025-09-01,874,1.2322654462242564,0.04462242562929062,0.3652745995423341,42.09153318077803,0.3180778032036613,0.05034324942791762,0.020594965675057208,53.0,93.0,131.0,191.0,79.0,251.57142857142858,188.92857142857142,155.5,282.8832840253244,0,9,1,0,340.0,96.07142857142858,-40.0,-78.0,1153.0,511.0
2025-09-02,1153,1.6617519514310495,0.2567215958369471,0.3428013876843018,39.548135299219425,0.27059843885516044,0.05290546400693842,0.22896790980052037,874.0,53.0,248.0,192.0,26.0,380.85714285714283,257.57142857142856,193.06666666666666,442.6614314090881,1,9,2,0,693.3333333333334,187.79047619047617,821.0,626.0,1073.0,602.0
2025-09-03,1073,1.1826654240447343,0.03821062441752097,0.37441752096924513,43.93569431500466,0.30102516309412863,0.08667287977632805,0.013979496738117428,1153.0,874.0,123.0,130.0,130.0,516.5714285714286,324.92857142857144,224.5,493.17639073758625,2,9,3,0,1033.3333333333333,292.07142857142856,279.0,1030.0,1280.0,678.0
2025-09-04,1280,1.41015625,0.14609375,0.3228515625,42.78515625,0.240625,0.02890625,0.1203125,1073.0,1153.0,222.0,155.0,150.0,667.7142857142857,405.2857142857143,262.1666666666667,547.0343420924974,3,9,4,0,1168.6666666666667,405.547619047619,-80.0,851.0,1030.0,522.0
2025-09-05,1030,1.2533980582524271,0.05436893203883495,0.3572815533980582,46.054368932038834,0.2922330097087379,0.040776699029126215,0.007766990291262136,1280.0,1073.0,148.0,126.0,115.0,793.7142857142857,469.85714285714283,292.6666666666667,507.52593177942293,4,9,5,0,1127.6666666666667,501.047619047619,207.0,1132.0,455.0,635.0
2025-09-06,455,1.323076923076923,0.09230769230769231,0.3752747252747253,46.71868131868132,0.45274725274725275,0.08791208791208792,0.006593406593406593,1030.0,1280.0,93.0,80.0,176.0,845.4285714285714,496.64285714285717,301.96666666666664,437.8930071539002,5,9,6,1,921.6666666666666,543.4619047619049,-250.0,937.0,369.0,566.0
2025-09-07,369,1.3523035230352303,0.0921409214092141,0.35772357723577236,49.90514905149052,0.4742547425474255,0.06504065040650407,0.0027100271002710027,455.0,1030.0,53.0,70.0,191.0,890.5714285714286,518.0,307.9,350.0661162041904,6,9,7,1,618.0,582.6714285714286,-575.0,402.0,511.0,492.0
2025-09-08,511,1.5420743639921721,0.10763209393346379,0.4589041095890411,49.929549902152644,0.4070450097847358,0.043052837573385516,0.025440313111545987,369.0,455.0,874.0,131.0,66.0,838.7142857142857,545.1428571428571,322.73333333333335,378.6496684648904,0,9,8,0,445.0,515.9809523809523,-86.0,-505.0,602.0,673.0
2025-09-09,602,1.4451827242524917,0.0946843853820598,0.4372923588039867,48.55980066445183,0.37375415282392027,0.08471760797342193,0.03322259136212625,511.0,369.0,1153.0,248.0,46.0,760.0,570.4285714285714,341.26666666666665,359.1981811386763,1,9,9,0,494.0,418.73333333333335,142.0,-642.0,678.0,597.0
2025-09-10,678,1.640117994100295,0.11651917404129794,0.42551622418879054,43.44395280235988,0.27728613569321536,0.07227138643067847,0.019174041297935103,602.0,511.0,1073.0,123.0,141.0,703.5714285714286,610.0714285714286,359.1666666666667,331.8146355737678,2,9,10,0,597.0,344.40476190476187,91.0,-471.0,522.0,593.0
2025-09-11,522,1.4942528735632183,0.08045977011494253,0.47988505747126436,43.519157088122604,0.3563218390804598,0.10153256704980843,0.019157088122605363,678.0,602.0,1280.0,222.0,159.0,595.2857142857143,631.5,371.26666666666665,215.72491301478848,3,9,11,0,600.6666666666666,224.01904761904768,76.0,-602.0,635.0,600.0
2025-09-12,635,1.5905511811023623,0.09133858267716535,0.4468503937007874,48.94015748031496,0.2692913385826772,0.07559055118110236,0.028346456692913385,522.0,678.0,1030.0,148.0,158.0,538.8571428571429,666.2857142857143,387.1666666666667,107.6528813229949,4,9,12,0,611.6666666666666,151.6904761904762,-156.0,-508.0,566.0,679.0
2025-09-13,566,1.2756183745583038,0.04063604240282685,0.37985865724381623,46.91342756183746,0.3869257950530035,0.09187279151943463,0.00530035335689046,635.0,522.0,455.0,93.0,203.0,554.7142857142857,700.0714285714286,399.26666666666665,101.22534973301596,5,9,13,1,574.3333333333334,155.447619047619,113.0,180.0,492.0,717.0
2025-09-14,492,1.2317073170731707,0.042682926829268296,0.3744918699186992,49.489837398373986,0.47560975609756095,0.056910569105691054,0.0020325203252032522,566.0,635.0,369.0,53.0,133.0,572.2857142857143,731.4285714285714,411.23333333333335,69.23562254050577,6,9,14,1,564.3333333333334,161.052380952381,-69.0,197.0,673.0,681.0
2025-09-15,673,1.5780089153046062,0.1426448736998514,0.4413075780089153,43.210995542347696,0.37444279346210996,0.06686478454680535,0.022288261515601784,492.0,566.0,511.0,874.0,84.0,595.4285714285714,717.0714285714286,430.8666666666667,72.34145225446939,0,9,15,0,577.0,164.56190476190477,-74.0,-19.0,597.0,1431.0
2025-09-16,597,1.4321608040201006,0.07035175879396985,0.45770519262981574,44.60301507537689,0.32998324958123953,0.10720268006700168,0.01340033500837521,673.0,492.0,602.0,1153.0,51.0,594.7142857142857,677.3571428571429,449.06666666666666,72.29041957206171,1,9,16,0,587.3333333333334,145.647619047619,181.0,71.0,593.0,893.0
2025-09-17,593,1.4907251264755481,0.08768971332209106,0.4877740303541315,49.679595278246204,0.33558178752107926,0.1163575042158516,0.023608768971332208,597.0,673.0,678.0,1073.0,191.0,582.5714285714286,643.0714285714286,462.46666666666664,62.436253205054484,2,9,17,0,621.0,120.10476190476192,-76.0,-81.0,600.0,674.0
2025-09-18,600,1.495,0.11,0.45166666666666666,48.403333333333336,0.385,0.135,0.041666666666666664,593.0,597.0,522.0,1280.0,192.0,593.7142857142857,594.5,476.06666666666666,56.502844429031995,3,9,18,0,596.6666666666666,117.647619047619,-4.0,71.0,679.0,628.0
2025-09-19,679,1.4477172312223858,0.10309278350515463,0.41568483063328426,50.845360824742265,0.4491899852724595,0.09425625920471281,0.029455081001472753,600.0,593.0,635.0,1030.0,130.0,600.0,569.4285714285714,494.3666666666667,63.83311575245745,4,9,19,0,624.0,105.63333333333333,7.0,-35.0,717.0,654.0
2025-09-20,717,1.4379358437935843,0.10181311018131102,0.3947001394700139,42.96094839609484,0.3528591352859135,0.0697350069735007,0.044630404463040445,679.0,600.0,566.0,455.0,155.0,621.5714285714286,588.1428571428571,513.1,74.97078796183898,5,9,20,1,665.3333333333334,108.47142857142853,79.0,113.0,681.0,564.0
2025-09-21,681,1.28928046989721,0.06754772393538913,0.35939794419970633,43.88839941262849,0.5697503671071953,0.023494860499265784,0.0381791483113069,717.0,679.0,492.0,369.0,126.0,648.5714285714286,610.4285714285714,531.6,50.60255969433787,6,9,21,1,692.3333333333334,116.97142857142853,38.0,225.0,1431.0,505.0
2025-09-22,1431,1.7120894479385045,0.0593990216631726,0.6977638015373865,41.134171907756816,0.2557651991614256,0.02445842068483578,0.009084556254367574,681.0,717.0,673.0,511.0,80.0,756.8571428571429,676.1428571428571,576.6333333333333,301.352743791186,0,9,22,0,943.0,180.22380952380956,-36.0,8.0,893.0,659.0
2025-09-23,893,1.8286674132138858,0.2799552071668533,0.5540313549832027,44.498320268757,0.2721164613661814,0.04703247480403135,0.015677491601343786,1431.0,681.0,597.0,602.0,70.0,799.1428571428571,696.9285714285714,604.0666666666667,295.90112569991385,1,9,23,0,1001.6666666666666,195.0761904761904,750.0,834.0,674.0,773.0
2025-09-24,674,1.804154302670623,0.26706231454005935,0.5786350148367952,48.547477744807125,0.2997032640949555,0.05192878338278932,0.01483679525222552,893.0,1431.0,593.0,678.0,131.0,810.7142857142857,696.6428571428571,622.1666666666666,287.9737917969356,2,9,24,0,999.3333333333334,188.54761904761904,-538.0,300.0,628.0,733.0
2025-09-25,628,1.4570063694267517,0.10509554140127389,0.45820063694267515,42.84235668789809,0.3487261146496815,0.11305732484076433,0.022292993630573247,674.0,893.0,600.0,522.0,248.0,814.7142857142857,704.2142857142857,634.8333333333334,284.7353825839671,3,9,25,0,731.6666666666666,179.8809523809523,-219.0,74.0,654.0,885.0
2025-09-26,654,1.463302752293578,0.045871559633027525,0.37767584097859325,43.85321100917431,0.3195718654434251,0.1162079510703364,0.009174311926605505,628.0,674.0,679.0,635.0,123.0,811.1428571428571,705.5714285714286,652.5333333333333,286.8701381992839,4,9,26,0,652.0,158.6095238095238,-46.0,-51.0,564.0,1063.0
2025-09-27,564,1.2712765957446808,0.03900709219858156,0.37367021276595747,46.730496453900706,0.44148936170212766,0.08156028368794327,0.0035460992907801418,654.0,628.0,717.0,566.0,222.0,789.2857142857143,705.4285714285714,663.9333333333333,300.73228087770156,5,9,27,1,615.3333333333334,125.35238095238105,26.0,-63.0,505.0,740.0
2025-09-28,505,1.2217821782178218,0.039603960396039604,0.3430693069306931,48.42772277227723,0.6178217821782178,0.04950495049504951,0.0039603960396039604,564.0,654.0,681.0,492.0,148.0,764.1428571428571,706.3571428571429,675.8333333333334,318.14746505953735,6,9,28,1,574.3333333333334,88.30952380952374,-90.0,-117.0,659.0,553.0
2025-09-29,659,1.3611532625189682,0.05918057663125948,0.3918816388467375,45.19726858877087,0.5371775417298937,0.03945371775417299,0.018209408194233688,505.0,564.0,1431.0,673.0,93.0,653.8571428571429,705.3571428571429,694.7,121.46526056370803,0,9,29,0,576.0,-40.842857142857156,-59.0,-926.0,773.0,723.0
2025-09-30,773,1.407503234152652,0.08020698576972833,0.40588615782664944,44.86028460543338,0.47347994825355755,0.06727037516170763,0.02199223803363519,659.0,505.0,893.0,597.0,53.0,636.7142857142857,717.9285714285714,718.7,85.11896436892339,1,9,30,0,645.6666666666666,-81.98571428571438,154.0,-234.0,733.0,1098.0
2025-10-01,733,1.3192360163710777,0.06412005457025921,0.40859481582537516,42.2387448840382,0.5347885402455662,0.06684856753069578,0.020463847203274217,773.0,659.0,674.0,593.0,874.0,645.1428571428571,727.9285714285714,714.0,92.06415982242754,2,10,1,0,721.6666666666666,-68.85714285714289,114.0,99.0,885.0,999.0
2025-10-02,885,1.5005649717514125,0.12429378531073447,0.4251412429378531,46.81694915254237,0.41468926553672314,0.06440677966101695,0.04067796610169491,733.0,773.0,628.0,600.0,1153.0,681.8571428571429,748.2857142857143,705.0666666666667,128.22951892528295,3,10,2,0,797.0,-23.20952380952383,-40.0,105.0,1063.0,1074.0
2025-10-03,1063,1.508936970837253,0.10253998118532455,0.37064910630291625,49.723424270931325,0.3932267168391345,0.04797742238946378,0.03292568203198495,885.0,733.0,654.0,679.0,1073.0,740.2857142857143,775.7142857142857,704.7333333333333,191.16024193131295,4,10,3,0,893.6666666666666,35.552380952380986,152.0,231.0,740.0,1049.0
2025-10-04,740,1.2756756756756757,0.05,0.39256756756756755,46.667567567567566,0.43243243243243246,0.07702702702702703,0.002702702702702703,1063.0,885.0,564.0,717.0,1280.0,765.4285714285714,777.3571428571429,686.7333333333333,175.00081632462667,5,10,4,1,896.0,78.6952380952381,178.0,499.0,553.0,540.0
2025-10-05,553,1.2332730560578662,0.023508137432188065,0.2766726943942134,46.89873417721519,0.5063291139240507,0.045207956600361664,0.003616636528028933,740.0,1063.0,505.0,681.0,1030.0,772.2857142857143,768.2142857142857,670.8333333333334,163.66909124380032,6,10,5,1,785.3333333333334,101.45238095238096,-323.0,235.0,723.0,499.0
2025-10-06,723,1.3997233748271092,0.03734439834024896,0.3309128630705394,51.706777316735824,0.45643153526970953,0.04564315352697095,0.02074688796680498,553.0,740.0,659.0,1431.0,455.0,781.4285714285714,717.6428571428571,679.7666666666667,157.97453079832962,0,10,6,0,672.0,101.6619047619048,-187.0,-106.0,1098.0,627.0
2025-10-07,1098,1.6411657559198543,0.24772313296903462,0.3524590163934426,43.321493624772316,0.3879781420765027,0.05009107468123861,0.01366120218579235,723.0,553.0,773.0,893.0,369.0,827.8571428571429,732.2857142857143,704.0666666666667,197.8184593437702,1,10,7,0,791.3333333333334,123.79047619047617,170.0,-50.0,999.0,777.0
2025-10-08,999,1.3383383383383383,0.06706706706706707,0.3938938938938939,46.174174174174176,0.45645645645645644,0.07307307307307308,0.02702702702702703,1098.0,723.0,733.0,674.0,511.0,865.8571428571429,755.5,720.3333333333334,202.06305003754693,2,10,8,0,940.0,145.52380952380952,375.0,365.0,1074.0,709.0
2025-10-09,1074,1.335195530726257,0.08659217877094973,0.4196927374301676,52.03724394785847,0.3985102420856611,0.0856610800744879,0.0521415270018622,999.0,1098.0,885.0,628.0,602.0,892.8571428571429,787.3571428571429,736.0666666666667,217.11397050967537,3,10,9,0,1057.0,156.79047619047617,-99.0,114.0,1049.0,936.0
2025-10-10,1049,1.4747378455672069,0.1334604385128694,0.3825071496663489,49.02955195424214,0.5243088655862727,0.08579599618684461,0.037178265014299335,1074.0,999.0,1063.0,654.0,678.0,890.8571428571429,815.5714285714286,748.4333333333333,215.34269476923566,4,10,10,0,1040.6666666666667,142.4238095238096,75.0,11.0,540.0,533.0
2025-10-11,540,1.2259259259259259,0.022222222222222223,0.33055555555555555,42.93518518518518,0.4759259259259259,0.1037037037037037,0.001851851851851852,1049.0,1074.0,740.0,564.0,522.0,862.2857142857143,813.8571428571429,749.0333333333333,249.28679219305775,5,10,11,1,887.6666666666666,113.25238095238103,-25.0,309.0,499.0,615.0
2025-10-12,499,1.216432865731463,0.036072144288577156,0.32915831663326656,44.86172344689379,0.5971943887775552,0.06012024048096192,0.002004008016032064,540.0,1049.0,553.0,505.0,635.0,854.5714285714286,813.4285714285714,744.5,261.01267985984714,6,10,12,1,696.0,110.07142857142856,-509.0,-13.0,627.0,531.0
2025-10-13,627,1.3891547049441786,0.11483253588516747,0.39074960127591707,47.197767145135565,0.5661881977671451,0.08133971291866028,0.025518341307814992,499.0,540.0,723.0,659.0,566.0,840.8571428571429,811.1428571428571,746.5333333333333,271.39358170464567,0,10,13,0,555.3333333333334,94.32380952380959,-41.0,-224.0,777.0,592.0
2025-10-14,777,1.4337194337194337,0.1287001287001287,0.3944658944658945,45.722007722007724,0.4942084942084942,0.06306306306306306,0.059202059202059204,627.0,499.0,1098.0,773.0,492.0,795.0,811.4285714285714,756.0333333333333,246.69887177150474,1,10,14,0,634.3333333333334,38.9666666666667,128.0,-471.0,709.0,711.0
2025-10-15,709,1.5458392101551481,0.16502115655853314,0.47778561354019744,43.34837799717913,0.44287729196050774,0.07193229901269393,0.01692524682651622,777.0,627.0,999.0,733.0,673.0,753.5714285714286,809.7142857142857,757.2333333333333,230.55285521463196,2,10,15,0,704.3333333333334,-3.6619047619047933,150.0,-222.0,936.0,857.0
2025-10-16,936,1.983974358974359,0.41239316239316237,0.39636752136752135,40.19337606837607,0.24465811965811965,0.053418803418803416,0.3418803418803419,709.0,777.0,1074.0,885.0,597.0,733.8571428571429,813.3571428571429,768.5333333333333,202.81882602578142,3,10,16,0,807.3333333333334,-34.67619047619041,-68.0,-365.0,533.0,756.0
2025-10-17,533,1.4146341463414633,0.09380863039399624,0.43105065666041276,46.00562851782364,0.399624765478424,0.10881801125703565,0.009380863039399626,936.0,709.0,1049.0,1063.0,593.0,660.1428571428571,775.5,766.5333333333333,158.011000219846,4,10,17,0,726.0,-106.39047619047619,227.0,-113.0,615.0,1022.0
2025-10-18,615,1.2975609756097561,0.06829268292682927,0.3776422764227642,44.89756097560976,0.4065040650406504,0.08617886178861789,0.0065040650406504065,533.0,936.0,540.0,740.0,600.0,670.8571428571429,766.5714285714286,767.0333333333333,150.88895317575827,5,10,18,1,694.6666666666666,-96.17619047619041,-403.0,-7.0,531.0,599.0
2025-10-19,531,1.3069679849340867,0.0583804143126177,0.3177966101694915,48.220338983050844,0.4519774011299435,0.04331450094161959,0.0,615.0,533.0,499.0,553.0,679.0,675.4285714285714,765.0,762.1,145.19166314778212,6,10,19,1,559.6666666666666,-86.67142857142858,82.0,116.0,592.0,546.0
2025-10-20,592,1.464527027027027,0.12331081081081081,0.39611486486486486,47.91891891891892,0.4510135135135135,0.052364864864864864,0.015202702702702704,531.0,615.0,627.0,723.0,717.0,670.4285714285714,755.6428571428571,757.9333333333333,147.71803900546146,0,10,20,0,579.3333333333334,-87.50476190476184,-84.0,-96.0,711.0,568.0
2025-10-21,711,1.4824191279887482,0.10829817158931083,0.430028129395218,42.895921237693386,0.3727144866385373,0.07172995780590717,0.03938115330520394,592.0,531.0,777.0,1098.0,681.0,661.0,728.0,758.9333333333333,141.7685907855944,1,10,21,0,611.3333333333334,-97.93333333333328,61.0,-185.0,857.0,678.0
2025-10-22,857,1.546091015169195,0.16686114352392065,0.41977829638273045,48.366394399066515,0.3943990665110852,0.06651108518086347,0.03617269544924154,711.0,592.0,709.0,999.0,1431.0,682.1428571428571,717.8571428571429,739.8,159.98586247064515,2,10,22,0,720.0,-57.657142857142844,119.0,2.0,756.0,616.0
2025-10-23,756,1.5846560846560847,0.17195767195767195,0.4146825396825397,51.6005291005291,0.41005291005291006,0.08597883597883597,0.05423280423280423,857.0,711.0,936.0,1074.0,893.0,656.4285714285714,695.1428571428571,735.2333333333333,122.44435081954182,3,10,23,0,774.6666666666666,-78.8047619047619,146.0,-79.0,1022.0,624.0
2025-10-24,1022,1.700587084148728,0.2045009784735812,0.38551859099804303,55.97260273972603,0.4070450097847358,0.06457925636007827,0.15557729941291584,756.0,857.0,533.0,1049.0,674.0,726.2857142857143,693.2142857142857,746.8333333333334,170.39338238882627,4,10,24,0,878.3333333333334,-20.547619047619037,-101.0,223.0,599.0,764.0
2025-10-25,599,1.2036727879799667,0.04006677796327212,0.31552587646076796,39.158597662771285,0.4323873121869783,0.10851419031719532,0.00667779632721202,1022.0,756.0,615.0,540.0,628.0,724.0,697.4285714285714,745.8666666666667,172.23240113288793,5,10,25,1,792.3333333333334,-21.866666666666674,266.0,407.0,546.0,574.0
2025-10-26,546,1.3388278388278387,0.056776556776556776,0.32234432234432236,45.24908424908425,0.43223443223443225,0.04945054945054945,0.007326007326007326,599.0,1022.0,531.0,499.0,654.0,726.1428571428571,700.7857142857143,742.2666666666667,169.50263377641915,6,10,26,1,722.3333333333334,-16.12380952380954,-423.0,68.0,568.0,556.0
2025-10-27,568,1.380281690140845,0.08450704225352113,0.41241197183098594,43.269366197183096,0.44014084507042256,0.04929577464788732,0.03697183098591549,546.0,599.0,592.0,627.0,564.0,722.7142857142857,696.5714285714286,742.4,172.87733058030318,0,10,27,0,571.0,-19.68571428571431,-53.0,-46.0,678.0,564.0
2025-10-28,678,1.4675516224188792,0.10029498525073746,0.41482300884955753,43.772861356932154,0.4410029498525074,0.028023598820058997,0.04424778761061947,568.0,546.0,711.0,777.0,505.0,718.0,689.5,748.1666666666666,173.69801380557004,1,10,28,0,597.3333333333334,-30.16666666666663,22.0,-143.0,616.0,546.0
2025-10-29,616,1.4139610389610389,0.056818181818181816,0.3944805194805195,43.660714285714285,0.3961038961038961,0.060064935064935064,0.0016233766233766235,678.0,568.0,857.0,709.0,659.0,683.5714285714286,682.8571428571429,746.7333333333333,165.23302448648812,2,10,29,0,620.6666666666666,-63.16190476190479,110.0,-179.0,624.0,1273.0
2025-10-30,624,1.435897435897436,0.06891025641025642,0.4130608974358974,45.13301282051282,0.3717948717948718,0.09615384615384616,0.01282051282051282,616.0,678.0,756.0,936.0,773.0,664.7142857142857,660.5714285714286,741.7666666666667,163.10805650009473,3,10,30,0,639.3333333333334,-77.05238095238099,-62.0,-140.0,764.0,529.0
2025-10-31,764,1.5968586387434556,0.10340314136125654,0.43782722513089006,45.87303664921466,0.3324607329842932,0.04581151832460733,0.007853403141361256,624.0,616.0,1022.0,533.0,733.0,627.8571428571429,677.0714285714286,742.8,73.3948875863266,4,10,31,0,668.0,-114.94285714285706,8.0,-398.0,574.0,630.0
2025-11-01,574,1.3745644599303135,0.10104529616724739,0.3479965156794425,42.0801393728223,0.43902439024390244,0.059233449477351915,0.012195121951219513,764.0,624.0,599.0,615.0,885.0,624.2857142857143,674.1428571428571,732.4333333333333,75.60801166921017,5,11,1,1,654.0,-108.14761904761895,140.0,165.0,556.0,590.0
2025-11-02,556,1.329136690647482,0.07913669064748201,0.33138489208633093,45.0,0.49640287769784175,0.03776978417266187,0.00539568345323741,574.0,764.0,546.0,531.0,1063.0,625.7142857142857,675.9285714285714,715.5333333333333,73.95880449212761,6,11,2,1,631.3333333333334,-89.81904761904764,-190.0,28.0,564.0,519.0
2025-11-03,564,1.5088652482269505,0.14893617021276595,0.4148936170212766,50.141843971631204,0.450354609929078,0.030141843971631204,0.02304964539007092,556.0,574.0,568.0,592.0,740.0,625.1428571428571,673.9285714285714,709.6666666666666,74.49256914043744,0,11,3,0,564.6666666666666,-84.52380952380952,-18.0,-12.0,546.0,665.0
2025-11-04,546,1.4963369963369964,0.12637362637362637,0.43315018315018317,43.65750915750916,0.46153846153846156,0.018315018315018316,0.0641025641025641,564.0,556.0,678.0,711.0,553.0,606.2857142857143,662.1428571428571,709.4333333333333,75.58155481710743,1,11,4,0,555.3333333333334,-103.14761904761895,8.0,-114.0,1273.0,627.0
2025-11-05,1273,2.2513747054202673,0.5373134328358209,0.4059308719560094,38.71249018067557,0.21209740769835037,0.014139827179890024,0.29772191673212883,546.0,564.0,616.0,857.0,723.0,700.1428571428571,691.8571428571429,727.7666666666667,263.63638378862447,2,11,5,0,794.3333333333334,-27.62380952380954,-18.0,-70.0,529.0,692.0
2025-11-06,529,1.4839319470699432,0.10964083175803403,0.4012287334593573,45.321361058601134,0.5103969754253308,0.03969754253308128,0.00945179584120983,1273.0,546.0,624.0,756.0,1098.0,686.5714285714286,675.6428571428571,708.8,270.5635212803438,3,11,6,0,782.6666666666666,-22.2285714285714,727.0,649.0,630.0,621.0
2025-11-07,630,1.5571428571428572,0.14761904761904762,0.3873015873015873,43.90952380952381,0.43333333333333335,0.03015873015873016,0.009523809523809525,529.0,1273.0,764.0,1022.0,999.0,667.4285714285714,647.6428571428571,696.5,268.90757838760464,4,11,7,0,810.6666666666666,-29.071428571428555,-744.0,-235.0,590.0,583.0
2025-11-08,590,1.3864406779661016,0.0847457627118644,0.3292372881355932,46.20677966101695,0.4711864406779661,0.025423728813559324,0.0423728813559322,630.0,529.0,574.0,599.0,1074.0,669.7142857142857,647.0,680.3666666666667,268.0477036435333,5,11,8,1,583.0,-10.652380952381009,101.0,56.0,519.0,546.0
2025-11-09,519,1.2678227360308285,0.0674373795761079,0.3126204238921002,48.89980732177264,0.5722543352601156,0.019267822736030827,0.0038535645472061657,590.0,630.0,556.0,546.0,1049.0,664.4285714285714,645.0714285714286,662.7,271.0122119898273,6,11,9,1,579.6666666666666,1.7285714285713993,-40.0,34.0,665.0,538.0
2025-11-10,665,1.506766917293233,0.0962406015037594,0.41729323308270677,43.69022556390978,0.44360902255639095,0.02556390977443609,0.01804511278195489,519.0,590.0,564.0,568.0,540.0,678.8571428571429,652.0,666.8666666666667,267.4393567218736,0,11,10,0,591.3333333333334,11.990476190476215,-71.0,-45.0,627.0,764.0
2025-11-11,627,1.4130781499202552,0.10207336523125997,0.3967304625199362,41.677830940988834,0.5167464114832536,0.046251993620414676,0.03987240829346093,665.0,519.0,546.0,678.0,499.0,690.4285714285714,648.3571428571429,671.1333333333333,262.43847351513153,1,11,11,0,603.6666666666666,19.29523809523812,146.0,119.0,692.0,774.0
2025-11-12,692,1.606936416184971,0.1546242774566474,0.434971098265896,45.005780346820806,0.41184971098265893,0.057803468208092484,0.030346820809248554,627.0,665.0,1273.0,616.0,627.0,607.4285714285714,653.7857142857143,673.3,65.3627241957197,2,11,12,0,661.3333333333334,-65.87142857142851,-38.0,-646.0,621.0,713.0
2025-11-13,621,1.5088566827697263,0.10789049919484701,0.42673107890499196,42.152979066022546,0.40901771336553944,0.04186795491143317,0.020933977455716585,692.0,627.0,529.0,624.0,777.0,620.5714285714286,653.5714285714286,668.1,55.46427421580237,3,11,13,0,646.6666666666666,-47.52857142857147,65.0,163.0,583.0,816.0
2025-11-14,583,1.379073756432247,0.09948542024013722,0.40222984562607206,45.06346483704974,0.5351629502572899,0.03945111492281304,0.00686106346483705,621.0,692.0,630.0,764.0,709.0,613.8571428571429,640.6428571428571,663.9,56.9573775479776,4,11,14,0,632.0,-50.04285714285709,-71.0,-9.0,546.0,920.0
2025-11-15,546,1.3021978021978022,0.08608058608058608,0.3456959706959707,41.1025641025641,0.5439560439560439,0.04395604395604396,0.005494505494505495,583.0,621.0,590.0,574.0,936.0,607.5714285714286,638.6428571428571,650.9,62.214299382208374,5,11,15,1,583.3333333333334,-43.32857142857142,-38.0,-7.0,538.0,892.0
2025-11-16,538,1.2137546468401488,0.04275092936802974,0.32481412639405205,47.11710037174721,0.6133828996282528,0.027881040892193308,0.01486988847583643,546.0,583.0,519.0,556.0,533.0,610.2857142857143,637.3571428571429,651.0666666666667,57.97618558717105,6,11,16,1,555.6666666666666,-40.780952380952385,-37.0,27.0,764.0,874.0
2025-11-17,764,1.4973821989528795,0.1806282722513089,0.34293193717277487,44.18062827225131,0.4476439790575916,0.03534031413612566,0.024869109947643978,538.0,546.0,665.0,564.0,615.0,624.4285714285714,651.6428571428571,656.0333333333333,81.03673476240503,0,11,17,0,616.0,-31.604761904761858,-8.0,-127.0,774.0,934.0
2025-11-18,774,1.3733850129198966,0.11498708010335917,0.3804909560723514,42.8578811369509,0.5490956072351422,0.03229974160206718,0.04392764857881137,764.0,538.0,627.0,546.0,531.0,645.4285714285714,667.9285714285714,664.1333333333333,98.89364176200806,1,11,18,0,692.0,-18.70476190476188,226.0,137.0,713.0,756.0
2025-11-19,713,1.2678821879382889,0.0729312762973352,0.3450210378681627,44.14165497896213,0.6269284712482468,0.0364656381486676,0.015427769985974754,774.0,764.0,692.0,1273.0,592.0,648.4285714285714,627.9285714285714,668.1666666666666,100.84122361887714,2,11,19,0,750.3333333333334,-19.738095238095184,10.0,82.0,816.0,905.0
2025-11-20,816,1.6642156862745099,0.2977941176470588,0.390625,51.29656862745098,0.49142156862745096,0.022058823529411766,0.0024509803921568627,713.0,774.0,621.0,529.0,711.0,676.2857142857143,648.4285714285714,671.6666666666666,117.55100210222837,3,11,20,0,767.6666666666666,4.619047619047706,-61.0,92.0,920.0,771.0
2025-11-21,920,1.7032608695652174,0.2673913043478261,0.41358695652173916,51.12608695652174,0.38913043478260867,0.03260869565217391,0.005434782608695652,816.0,713.0,583.0,630.0,857.0,724.4285714285714,669.1428571428571,673.7666666666667,139.86881608952623,4,11,21,0,816.3333333333334,50.66190476190479,103.0,233.0,892.0,824.0
2025-11-22,892,1.5695067264573992,0.16591928251121077,0.42684977578475336,50.922645739910315,0.32847533632286996,0.033632286995515695,0.004484304932735426,920.0,816.0,546.0,590.0,756.0,773.8571428571429,690.7142857142857,678.3,126.83378699624765,5,11,22,1,876.0,95.55714285714294,104.0,374.0,874.0,721.0
2025-11-23,874,1.3466819221967963,0.06292906178489703,0.31407322654462244,46.264302059496565,0.36270022883295194,0.02745995423340961,0.0,892.0,920.0,538.0,519.0,1022.0,821.8571428571429,716.0714285714286,673.3666666666667,76.14991479843896,6,11,23,1,895.3333333333334,148.49047619047622,-28.0,354.0,934.0,807.0
2025-11-24,934,1.5278372591006424,0.11991434689507495,0.4130085653104925,43.06852248394004,0.3169164882226981,0.027837259100642397,0.08565310492505353,874.0,892.0,764.0,665.0,599.0,846.1428571428571,735.2857142857143,684.5333333333333,81.54023254694282,0,11,24,0,900.0,161.6095238095238,-18.0,110.0,756.0,998.0
2025-11-25,756,1.3941798941798942,0.06349206349206349,0.4074074074074074,41.976190476190474,0.38492063492063494,0.06878306878306878,0.031746031746031744,934.0,874.0,774.0,627.0,546.0,843.5714285714286,744.5,691.5333333333333,84.4272016648211,1,11,25,0,854.6666666666666,152.03809523809525,60.0,160.0,905.0,782.0
2025-11-26,905,1.4994475138121548,0.09392265193370165,0.44116022099447516,41.437569060773484,0.3701657458563536,0.06077348066298342,0.016574585635359115,756.0,934.0,713.0,692.0,568.0,871.0,759.7142857142857,702.7666666666667,63.54263660461895,2,11,26,0,865.0,168.23333333333335,-178.0,43.0,771.0,729.0
2025-11-27,771,1.3891050583657587,0.07263294422827497,0.4027237354085603,43.83009079118028,0.4695201037613489,0.08690012970168612,0.03501945525291829,905.0,756.0,816.0,621.0,678.0,864.5714285714286,770.4285714285714,705.8666666666667,71.77710206571712,3,11,27,0,810.6666666666666,158.70476190476188,149.0,89.0,824.0,744.0
2025-11-28,824,1.4368932038834952,0.07524271844660194,0.402002427184466,43.650485436893206,0.3907766990291262,0.06310679611650485,0.02912621359223301,771.0,905.0,920.0,583.0,616.0,850.8571428571429,787.6428571428571,712.8,68.51868010848946,4,11,28,0,833.3333333333334,138.05714285714294,-134.0,-149.0,721.0,872.0
2025-11-29,721,1.2801664355062414,0.05409153952843273,0.322122052704577,43.12066574202497,0.4895977808599168,0.03467406380027739,0.004160887656033287,824.0,771.0,892.0,546.0,624.0,826.4285714285714,800.1428571428571,716.0333333333333,80.78955613785952,5,11,29,1,772.0,110.39523809523814,53.0,-68.0,807.0,751.0
2025-11-30,807,1.3494423791821561,0.1127633209417596,0.3271375464684015,45.940520446096656,0.49814126394052044,0.01734820322180917,0.0012391573729863693,721.0,824.0,874.0,538.0,764.0,816.8571428571429,819.3571428571429,717.4666666666667,78.13967957324559,6,11,30,1,784.0,99.39047619047619,-103.0,-153.0,998.0,738.0
2025-12-01,998,1.6633266533066133,0.19839679358717435,0.3369238476953908,40.21743486973948,0.35470941883767537,0.04408817635270541,0.11222444889779559,807.0,721.0,934.0,764.0,574.0,826.0,836.0714285714286,731.6,95.86448768965477,0,12,1,0,842.0,94.39999999999998,86.0,-127.0,782.0,772.0
2025-12-02,782,1.4526854219948848,0.08567774936061381,0.3836317135549872,41.91815856777494,0.38235294117647056,0.049872122762148335,0.03964194373401535,998.0,807.0,756.0,774.0,556.0,829.7142857142857,836.6428571428571,739.1333333333333,93.16600647180672,1,12,2,0,862.3333333333334,90.58095238095234,191.0,242.0,729.0,881.0
2025-12-03,729,1.4746227709190671,0.09602194787379972,0.40809327846364885,42.66255144032922,0.40329218106995884,0.06310013717421124,0.039780521262002745,782.0,998.0,905.0,713.0,564.0,804.5714285714286,837.7857142857143,744.6333333333333,93.21097421594561,2,12,3,0,836.3333333333334,59.93809523809523,-216.0,-123.0,744.0,801.0
2025-12-04,744,1.3696236559139785,0.06048387096774194,0.365255376344086,45.331989247311824,0.4435483870967742,0.05241935483870968,0.010752688172043012,729.0,782.0,771.0,816.0,546.0,800.7142857142857,832.6428571428571,751.2333333333333,95.36546245141052,3,12,4,0,751.6666666666666,49.48095238095232,-53.0,-42.0,872.0,741.0
2025-12-05,872,1.3956422018348624,0.05389908256880734,0.3532110091743119,43.68233944954128,0.34174311926605505,0.047018348623853214,0.006880733944954129,744.0,729.0,824.0,920.0,1273.0,807.5714285714286,829.2142857142857,737.8666666666667,98.97618761240342,4,12,5,0,781.6666666666666,69.70476190476188,15.0,-80.0,751.0,727.0
2025-12-06,751,1.2316910785619175,0.02929427430093209,0.33988015978695074,41.636484687083886,0.4367509986684421,0.033288948069241014,0.0013315579227696406,872.0,744.0,721.0,892.0,529.0,811.8571428571429,819.1428571428571,745.2666666666667,95.17952961190144,5,12,6,1,789.0,66.59047619047624,128.0,151.0,738.0,761.0
2025-12-07,738,1.2967479674796747,0.07317073170731707,0.3296070460704607,47.739837398373986,0.45934959349593496,0.044715447154471545,0.005420054200542005,751.0,872.0,807.0,874.0,630.0,802.0,809.4285714285714,748.8666666666667,99.25220400575478,6,12,7,1,787.0,53.133333333333326,-121.0,-56.0,772.0,695.0
2025-12-08,772,1.4119170984455958,0.09585492227979274,0.38827720207253885,46.00647668393783,0.4261658031088083,0.03626943005181347,0.031088082901554404,738.0,751.0,998.0,934.0,590.0,769.7142857142857,797.8571428571429,754.9333333333333,48.808176520313204,0,12,8,0,753.6666666666666,14.780952380952385,-13.0,-260.0,881.0,863.0
2025-12-09,881,1.4301929625425653,0.08853575482406356,0.37088535754824065,44.844494892167994,0.38251986379114644,0.03518728717366629,0.022701475595913734,772.0,738.0,782.0,756.0,519.0,783.8571428571429,806.7857142857143,767.0,64.71328707313116,1,12,9,0,797.0,16.85714285714289,34.0,-10.0,801.0,1076.0
2025-12-10,801,1.4032459425717854,0.09113607990012484,0.37453183520599254,41.26092384519351,0.34207240948813983,0.049937578027465665,0.019975031210986267,881.0,772.0,729.0,905.0,665.0,794.1428571428571,799.3571428571429,771.5333333333333,60.09833212169441,2,12,10,0,818.0,22.609523809523807,109.0,152.0,741.0,1025.0
2025-12-11,741,1.2793522267206479,0.0620782726045884,0.3390688259109312,42.74493927125506,0.45209176788124156,0.02834008097165992,0.006747638326585695,801.0,881.0,744.0,771.0,627.0,793.7142857142857,797.2142857142857,775.3333333333334,60.524689963997815,3,12,11,0,807.6666666666666,18.380952380952294,-80.0,57.0,727.0,1005.0
2025-12-12,727,1.3177441540577717,0.061898211829436035,0.3707015130674003,43.45116918844567,0.4360385144429161,0.04126547455295736,0.03851444291609354,741.0,801.0,872.0,824.0,692.0,773.0,790.2857142857143,776.5,53.69357503463478,4,12,12,0,756.3333333333334,-3.5,-60.0,-131.0,761.0,839.0
2025-12-13,761,1.442838370565046,0.09461235216819974,0.32621550591327203,42.56110381077529,0.23127463863337713,0.05519053876478318,0.0735873850197109,727.0,741.0,751.0,721.0,621.0,774.4285714285714,793.1428571428571,781.1666666666666,53.140872978831815,5,12,13,1,743.0,-6.738095238095184,-14.0,-24.0,695.0,984.0
2025-12-14,695,1.40431654676259,0.0776978417266187,0.3273381294964029,44.499280575539565,0.30503597122302156,0.033093525179856115,0.03597122302158273,761.0,727.0,738.0,807.0,583.0,768.2857142857143,785.1428571428571,784.9,60.08525688750986,6,12,14,1,727.6666666666666,-16.614285714285643,34.0,23.0,863.0,1104.0
2025-12-15,863,1.7265353418308227,0.20278099652375434,0.3739860950173812,41.09385863267671,0.22595596755504055,0.02549246813441483,0.16222479721900349,695.0,761.0,772.0,998.0,546.0,781.2857142857143,775.5,795.4666666666667,70.04216417205224,0,12,15,0,773.0,-14.180952380952363,-66.0,-77.0,1076.0,1370.0
2025-12-16,1076,1.4302973977695168,0.05018587360594796,0.3287639405204461,50.00650557620818,0.14405204460966542,0.06319702602230483,0.004646840148698885,863.0,695.0,881.0,782.0,538.0,809.1428571428571,796.5,813.4,129.68992324184694,1,12,16,0,878.0,-4.257142857142867,168.0,-18.0,1025.0,1122.0
2025-12-17,1025,1.326829268292683,0.0448780487804878,0.33658536585365856,53.249756097560976,0.20585365853658535,0.03414634146341464,0.018536585365853658,1076.0,863.0,801.0,729.0,764.0,841.1428571428571,817.6428571428571,822.1,152.90348652164917,2,12,17,0,988.0,19.042857142857088,213.0,275.0,1005.0,929.0
2025-12-18,1005,1.499502487562189,0.10049751243781095,0.3664179104477612,46.78109452736319,0.2716417910447761,0.046766169154228855,0.05572139303482587,1025.0,1076.0,741.0,744.0,774.0,878.8571428571429,836.2857142857143,829.8,156.59973240869908,3,12,18,0,1035.3333333333333,49.057142857142935,-51.0,284.0,839.0,704.0
2025-12-19,839,1.5065554231227651,0.04052443384982122,0.3566746126340882,41.95113230035757,0.31585220500595945,0.023837902264600714,0.015494636471990465,1005.0,1025.0,727.0,872.0,713.0,894.8571428571429,833.9285714285714,834.0,143.68765728879717,4,12,19,0,956.3333333333334,60.85714285714289,-20.0,278.0,984.0,910.0
2025-12-20,984,1.4745934959349594,0.06504065040650407,0.3257113821138211,41.69512195121951,0.32723577235772355,0.019308943089430895,0.028455284552845527,839.0,1005.0,761.0,751.0,816.0,926.7142857142857,850.5714285714286,839.6,133.41753293790916,5,12,20,1,942.6666666666666,87.11428571428564,-166.0,78.0,1104.0,1027.0
2025-12-21,1104,1.451086956521739,0.028985507246376812,0.30842391304347827,49.17391304347826,0.2554347826086957,0.018115942028985508,0.0009057971014492754,984.0,839.0,695.0,738.0,920.0,985.1428571428571,876.7142857142857,845.7333333333333,100.5342869728674,6,12,21,1,975.6666666666666,139.40952380952376,145.0,289.0,1370.0,829.0
2025-12-22,1370,1.7197080291970803,0.13211678832116788,0.3242700729927007,45.596350364963506,0.21094890510948905,0.016058394160583942,0.012408759124087591,1104.0,984.0,863.0,772.0,892.0,1057.5714285714287,919.4285714285714,861.6666666666666,161.82177144712554,0,12,22,0,1152.6666666666667,195.90476190476204,120.0,241.0,1122.0,921.0
2025-12-23,1122,1.6515151515151516,0.07397504456327986,0.29924242424242425,40.68805704099822,0.2638146167557932,0.024955436720142603,0.040998217468805706,1370.0,1104.0,1076.0,881.0,874.0,1064.142857142857,936.6428571428571,869.9333333333333,163.61889517150178,1,12,23,0,1198.6666666666667,194.20952380952383,266.0,294.0,929.0,866.0
2025-12-24,929,1.6307857911733046,0.03767491926803014,0.2960172228202368,43.518837459634014,0.24865446716899892,0.031216361679224973,0.012917115177610334,1122.0,1370.0,1025.0,801.0,934.0,1050.4285714285713,945.7857142857143,869.7666666666667,171.290063092655,2,12,24,0,1140.3333333333333,180.66190476190468,-248.0,97.0,704.0,755.0
